compound_id,name,aliases,structural_class,class_key,subfamily,ring_of_the_acid,smiles,inchikey,iupac_name,molecular_formula,mw,stereochemistry,structure_confidence,structure_verified,n_measurements
NAT01,D-Luciferin,1 (Kitada 2020); 1a (Iwano 2013 / Kitada 2018); 3a (Conley 2012); D-LH2; L-LH2; LH2; beetle luciferin; compound 1; dLuc; firefly luciferin,Natural luciferin and its stereoisomers,natural,benzothiazole,thiazoline (natural),O=C(O)[C@H]1CSC(c2nc3ccc(O)cc3s2)=N1,BJGNCJDXODQBOB-SSDOTTSWSA-N,"(4S)-2-(6-hydroxy-1,3-benzothiazol-2-yl)-4,5-dihydro-1,3-thiazole-4-carboxylic acid",C11H8N2O3S2,280.33,,high,confirmed,324
NAT02,L-Luciferin,(4R)-luciferin; L-(+)-luciferin; L-1 (Ioka 2016); L-LH2; L-firefly luciferin; L-firefly luciferin (L-1); synthetic L-luciferin; unnatural enantiomer of firefly luciferin,Natural luciferin and its stereoisomers,natural,benzothiazole,thiazoline (natural),O=C(O)[C@@H]1CSC(c2nc3ccc(O)cc3s2)=N1,BJGNCJDXODQBOB-ZETCQYMHSA-N,"(4R)-2-(6-hydroxy-1,3-benzothiazol-2-yl)-4,5-dihydro-1,3-thiazole-4-carboxylic acid",C11H8N2O3S2,280.33,,high,confirmed,5
AM01,4'-Hydroxyluciferin,"2-(4,6-dihydroxy-2-benzothiazolyl)-delta-2-thiazoline-4-carboxylic acid; 4'-Hydroxyluciferin; 4,6-dihydroxyluciferin; 4-hydroxyluciferin; DL-4,6-dihydroxyluciferin; White & Woerther 1966 compound 5; compound 5","6'-Aminoluciferins, acyclic N-alkyl and pendant amine",amino,benzothiazole,thiazoline (natural),O=C(O)C1CSC(c2nc3c(O)cc(O)cc3s2)=N1,OBNHARMUQMTOGF-UHFFFAOYSA-N,"(4RS)-2-(4,6-dihydroxy-1,3-benzothiazol-2-yl)-4,5-dihydro-1,3-thiazole-4-carboxylic acid (racemic)",C11H8N2O4S2,296.33,racemate,high,confirmed,5
AM02,"6'-(1,1-dioxothiomorpholin-4-yl) luciferin",compound 15a (Sharma 2017); thiomorpholine dioxide luciferin,"6'-Aminoluciferins, acyclic N-alkyl and pendant amine",amino,benzothiazole,thiazoline (natural),O=C(O)[C@H]1CSC(c2nc3ccc(N4CCS(=O)(=O)CC4)cc3s2)=N1,SZVKBVBLVWGWCD-LLVKDONJSA-N,"(S)-2-(6-(1,1-dioxidothiomorpholino)benzothiazol-2-yl)-4,5-dihydrothiazole-4-carboxylic acid",C15H15N3O4S3,397.5,,high,confirmed,12
AM03,"6'-(2,2,2-trifluoroethylamino) luciferin",compound 41a (Sharma 2017); trifluoroethylamino luciferin,"6'-Aminoluciferins, acyclic N-alkyl and pendant amine",amino,benzothiazole,thiazoline (natural),O=C(O)[C@H]1CSC(c2nc3ccc(NCC(F)(F)F)cc3s2)=N1,BBHXILGOSHRSOU-MRVPVSSYSA-N,"(S)-2-(6-((2,2,2-trifluoroethyl)amino)benzothiazol-2-yl)-4,5-dihydrothiazole-4-carboxylic acid",C13H10F3N3O2S2,361.37,,high,confirmed,4
AM04,"6'-(2,3-dihydro-1H-indol-1-yl) luciferin",compound 29a (Sharma 2017); indolin-1-yl luciferin,"6'-Aminoluciferins, acyclic N-alkyl and pendant amine",amino,benzothiazole,thiazoline (natural),O=C(O)[C@H]1CSC(c2nc3ccc(N4CCc5ccccc54)cc3s2)=N1,QBGZCZWKMGFKGX-CQSZACIVSA-N,"(S)-2-(6-(indolin-1-yl)benzothiazol-2-yl)-4,5-dihydrothiazole-4-carboxylic acid",C19H15N3O2S2,381.48,,high,confirmed,1
AM05,"6'-(2,6-dimethylanilino) luciferin",compound 20a (Sharma 2017),"6'-Aminoluciferins, acyclic N-alkyl and pendant amine",amino,benzothiazole,thiazoline (natural),Cc1cccc(C)c1Nc1ccc2nc(C3=N[C@@H](C(=O)O)CS3)sc2c1,JTYZEBYFNKLKQQ-CQSZACIVSA-N,"(S)-2-(6-((2,6-dimethylphenyl)amino)benzothiazol-2-yl)-4,5-dihydrothiazole-4-carboxylic acid",C19H17N3O2S2,383.5,,high,confirmed,3
AM06,6'-(2-ethylanilino) luciferin,compound 18a (Sharma 2017),"6'-Aminoluciferins, acyclic N-alkyl and pendant amine",amino,benzothiazole,thiazoline (natural),CCc1ccccc1Nc1ccc2nc(C3=N[C@@H](C(=O)O)CS3)sc2c1,NIUVZCXVUJKJNP-OAHLLOKOSA-N,"(S)-2-(6-((2-ethylphenyl)amino)benzothiazol-2-yl)-4,5-dihydrothiazole-4-carboxylic acid",C19H17N3O2S2,383.5,,high,confirmed,1
AM07,"6'-(3,3-dimethylureido) luciferin",compound 37a (Sharma 2017); dimethylurea luciferin,"6'-Aminoluciferins, acyclic N-alkyl and pendant amine",amino,benzothiazole,thiazoline (natural),CN(C)C(=O)Nc1ccc2nc(C3=N[C@@H](C(=O)O)CS3)sc2c1,PNENRYURIHHOGV-SECBINFHSA-N,"(S)-2-(6-(3,3-dimethylureido)benzothiazol-2-yl)-4,5-dihydrothiazole-4-carboxylic acid",C14H14N4O3S2,350.43,,high,confirmed,3
AM08,6'-(4-tert-butoxycarbonylpiperazin-1-yl) luciferin,compound 16a (Sharma 2017); Boc-PIPE (16a); Boc-piperazinyl luciferin,"6'-Aminoluciferins, acyclic N-alkyl and pendant amine",amino,benzothiazole,thiazoline (natural),CC(C)(C)OC(=O)N1CCN(c2ccc3nc(C4=N[C@@H](C(=O)O)CS4)sc3c2)CC1,NCXYLMYZDITJBR-CQSZACIVSA-N,"(S)-2-(6-(4-(tert-butoxycarbonyl)piperazin-1-yl)benzothiazol-2-yl)-4,5-dihydrothiazole-4-carboxylic acid",C20H24N4O4S2,448.57,,high,confirmed,4
AM09,6'-(azepan-1-yl) luciferin,azepanyl luciferin; compound 7a (Sharma 2017),"6'-Aminoluciferins, acyclic N-alkyl and pendant amine",amino,benzothiazole,thiazoline (natural),O=C(O)[C@H]1CSC(c2nc3ccc(N4CCCCCC4)cc3s2)=N1,GRFYBXURSQOJAN-CYBMUJFWSA-N,"(S)-2-(6-(azepan-1-yl)benzothiazol-2-yl)-4,5-dihydrothiazole-4-carboxylic acid",C17H19N3O2S2,361.49,,high,confirmed,9
AM10,6'-(azetidin-1-yl) luciferin,azetidinyl luciferin; compound 4a (Sharma 2017),"6'-Aminoluciferins, acyclic N-alkyl and pendant amine",amino,benzothiazole,thiazoline (natural),O=C(O)[C@H]1CSC(c2nc3ccc(N4CCC4)cc3s2)=N1,QEDVWUXDTYTRPX-SNVBAGLBSA-N,"(S)-2-(6-(azetidin-1-yl)benzothiazol-2-yl)-4,5-dihydrothiazole-4-carboxylic acid",C14H13N3O2S2,319.41,,high,confirmed,13
AM11,6'-(morpholin-4-yl) luciferin,compound 8a (Sharma 2017); morpholino luciferin,"6'-Aminoluciferins, acyclic N-alkyl and pendant amine",amino,benzothiazole,thiazoline (natural),O=C(O)[C@H]1CSC(c2nc3ccc(N4CCOCC4)cc3s2)=N1,RCXHJIATEBWBSE-LLVKDONJSA-N,"(S)-2-(6-morpholinobenzothiazol-2-yl)-4,5-dihydrothiazole-4-carboxylic acid",C15H15N3O3S2,349.44,,high,confirmed,9
AM12,6'-(phenylamino) luciferin,compound 17a (Sharma 2017); 6'-anilino luciferin,"6'-Aminoluciferins, acyclic N-alkyl and pendant amine",amino,benzothiazole,thiazoline (natural),O=C(O)[C@H]1CSC(c2nc3ccc(Nc4ccccc4)cc3s2)=N1,YUXJDRNZRRNYGM-CYBMUJFWSA-N,"(S)-2-(6-(phenylamino)benzothiazol-2-yl)-4,5-dihydrothiazole-4-carboxylic acid",C17H13N3O2S2,355.44,,high,confirmed,5
AM13,6'-(piperazin-1-yl) luciferin,compound 16b (Sharma 2017); piperazinyl luciferin,"6'-Aminoluciferins, acyclic N-alkyl and pendant amine",amino,benzothiazole,thiazoline (natural),O=C(O)[C@H]1CSC(c2nc3ccc(N4CCNCC4)cc3s2)=N1,AVVCOAJUFUAPRQ-LLVKDONJSA-N,"Trifluoroacetic acid salt of (S)-2-(6-(piperazin-1-yl)benzothiazol-2-yl)-4,5-dihydrothiazole-4-carboxylic acid",C15H16N4O2S2,348.45,,high,confirmed,4
AM14,6'-(piperidin-1-yl) luciferin,compound 6a (Sharma 2017); piperidine luciferin; Piperidine (6a),"6'-Aminoluciferins, acyclic N-alkyl and pendant amine",amino,benzothiazole,thiazoline (natural),O=C(O)[C@H]1CSC(c2nc3ccc(N4CCCCC4)cc3s2)=N1,QHEFHACSSYGGNU-GFCCVEGCSA-N,"(S)-2-(6-(piperidin-1-yl)benzothiazol-2-yl)-4,5-dihydrothiazole-4-carboxylic acid",C16H17N3O2S2,347.47,,high,confirmed,4
AM15,6'-(prop-2-en-1-ylamino) luciferin,allylamino luciferin; compound 40a (Sharma 2017),"6'-Aminoluciferins, acyclic N-alkyl and pendant amine",amino,benzothiazole,thiazoline (natural),C=CCNc1ccc2nc(C3=N[C@@H](C(=O)O)CS3)sc2c1,IORLQASZJQEMAT-SNVBAGLBSA-N,"(S)-2-(6-(allylamino)benzothiazol-2-yl)-4,5-dihydrothiazole-4-carboxylic acid",C14H13N3O2S2,319.41,,high,confirmed,4
AM16,6'-(pyrrolidin-1-yl) luciferin,compound 5a (Sharma 2017); pyrrolidine luciferin; Pyrolidine (5a),"6'-Aminoluciferins, acyclic N-alkyl and pendant amine",amino,benzothiazole,thiazoline (natural),O=C(O)[C@H]1CSC(c2nc3ccc(N4CCCC4)cc3s2)=N1,QBIHTXOSEGSRCH-LLVKDONJSA-N,"(S)-2-(6-(pyrrolidin-1-yl)benzothiazol-2-yl)-4,5-dihydrothiazole-4-carboxylic acid",C15H15N3O2S2,333.44,,high,confirmed,4
AM17,6'-(thiomorpholin-4-yl) luciferin,compound 9a (Sharma 2017); thiomorpholinyl luciferin,"6'-Aminoluciferins, acyclic N-alkyl and pendant amine",amino,benzothiazole,thiazoline (natural),O=C(O)[C@H]1CSC(c2nc3ccc(N4CCSCC4)cc3s2)=N1,DRWZCVXBBPJIHW-LLVKDONJSA-N,"(S)-2-(6-thiomorpholinobenzothiazol-2-yl)-4,5-dihydrothiazole-4-carboxylic acid",C15H15N3O2S3,365.51,,high,confirmed,9
AM18,6'-Acetylaminoluciferin,20b in Meroni et al. 2009; IVb in White 1966; 6'-acetamidoluciferin,"6'-Aminoluciferins, acyclic N-alkyl and pendant amine",amino,benzothiazole,thiazoline (natural),CC(=O)Nc1ccc2nc(C3=NC(C(=O)O)CS3)sc2c1,FLOBWSVGLOWARG-UHFFFAOYSA-N,"2-(6-acetamido-1,3-benzothiazol-2-yl)-4,5-dihydro-1,3-thiazole-4-carboxylic acid",C13H11N3O3S2,321.38,racemate,high,confirmed,3
AM19,6'-Dimethylaminoluciferin,1c (Kakiuchi 2017); 6'-Me2N-LH2; 6'-Me2NLH2; DMAL; Me2N-luciferin; compound 5b (Reddy 2010),"6'-Aminoluciferins, acyclic N-alkyl and pendant amine",amino,benzothiazole,thiazoline (natural),CN(C)c1ccc2nc(C3=N[C@@H](C(=O)O)CS3)sc2c1,UTCWEJGXPUCZCO-SECBINFHSA-N,"2-(6-Dimethylamino-benzothiazol-2-yl)-4,5-dihydro-thiazole-4-carboxylic acid (5b)",C13H13N3O2S2,307.4,,high,confirmed,42
AM20,6'-Methylaminoluciferin,1b (Kakiuchi 2017); 6'-MeNH-LH2; 6'-MeNHLH2; MeNH-luciferin; compound 5a (Reddy 2010),"6'-Aminoluciferins, acyclic N-alkyl and pendant amine",amino,benzothiazole,thiazoline (natural),CNc1ccc2nc(C3=N[C@@H](C(=O)O)CS3)sc2c1,KXWSDEOBCOLCQT-MRVPVSSYSA-N,"2-(6-Methylamino-benzothiazol-2-yl)-4,5-dihydro-thiazole-4-carboxylic acid (5a)",C12H11N3O2S2,293.37,,high,confirmed,40
AM21,Aminoluciferin,1a (Kakiuchi 2017); 3b (Conley 2012); 6'-Aminoluciferin; 6'-NH2-LH2; 6'-NH2LH2; 6'-aminoluciferin; 6-aminoluciferin; AL; D-aminoluciferin; NH2-LH2; aLuc; amino-D-luciferin; aminoluciferin; compound 2; compound 20a in Meroni et al. 2009,"6'-Aminoluciferins, acyclic N-alkyl and pendant amine",amino,benzothiazole,thiazoline (natural),Nc1ccc2nc(C3=N[C@@H](C(=O)O)CS3)sc2c1,HKSJKXOOBAVPKR-SSDOTTSWSA-N,"(4S)-2-(6-amino-1,3-benzothiazol-2-yl)-4,5-dihydro-1,3-thiazole-4-carboxylic acid",C11H9N3O2S2,279.35,,high,confirmed,115
AM22,cybLuc,N-cyclobutylaminoluciferin; compound 12a (Wu 2017),"6'-Aminoluciferins, acyclic N-alkyl and pendant amine",amino,benzothiazole,thiazoline (natural),O=C(O)[C@H]1CSC(c2nc3ccc(NC4CCC4)cc3s2)=N1,DRLXXHYUKOJAOR-LLVKDONJSA-N,"6-(cyclobutylamino)benzothiazole precursor 14a -> (S)-2-(6-(cyclobutylamino)benzothiazol-2-yl)-4,5-dihydrothiazole-4-carboxylic acid",C15H15N3O2S2,333.44,,high,confirmed,6
AM23,cyhLuc,N-cyclohexylaminoluciferin; compound 12c (Wu 2017),"6'-Aminoluciferins, acyclic N-alkyl and pendant amine",amino,benzothiazole,thiazoline (natural),O=C(O)[C@H]1CSC(c2nc3ccc(NC4CCCCC4)cc3s2)=N1,NIIGVBXLRQSTGA-CYBMUJFWSA-N,"(S)-2-(6-(cyclohexylamino)benzothiazol-2-yl)-4,5-dihydrothiazole-4-carboxylic acid (from nitrile 14c, 6-(cyclohexylamino)benzothiazole-2-carbonitrile)",C17H19N3O2S2,361.49,,high,confirmed,3
AM24,cypLuc,N-cyclopentylaminoluciferin; compound 12b (Wu 2017),"6'-Aminoluciferins, acyclic N-alkyl and pendant amine",amino,benzothiazole,thiazoline (natural),O=C(O)[C@H]1CSC(c2nc3ccc(NC4CCCC4)cc3s2)=N1,ZVLHWOUVMAMCMT-GFCCVEGCSA-N,"(S)-2-(6-(cyclopentylamino)benzothiazol-2-yl)-4,5-dihydrothiazole-4-carboxylic acid (from nitrile 14b, 6-(cyclopentylamino)benzothiazole-2-carbonitrile)",C16H17N3O2S2,347.47,,high,confirmed,3
AM25,glycine-D-aminoluciferin,20c in Meroni et al. 2009; 3 (Shinde 2006); Gly-aminoluciferin; N-glycyl-D-aminoluciferin; aminoluciferin glycinamide; glycine-D-aminoluciferin (3) in Shinde 2006; glycine-D-aminoluciferin conjugate 3; glycine-aminoluciferin,"6'-Aminoluciferins, acyclic N-alkyl and pendant amine",amino,benzothiazole,thiazoline (natural),NCC(=O)Nc1ccc2nc(C3=N[C@@H](C(=O)O)CS3)sc2c1,FAQBVGMMZNRKDK-MRVPVSSYSA-N,"(4S)-2--4,5-dihydro-1,3-thiazole-4-carboxylic acid",C13H12N4O3S2,336.4,,high,confirmed,10
CY01,CycLuc1,compound 16a (Reddy 2010); compound 9 (Miller 2018 review); cyclic alkylaminoluciferin; cyclic alkylaminoluciferin 1,"Conformationally restricted ring-fused aminoluciferins, the CycLuc series",cycluc,benzothiazole,thiazoline (natural),O=C(O)[C@H]1CSC(c2nc3cc4c(cc3s2)NCC4)=N1,HBZBAMXERPYTFS-SECBINFHSA-N,"(S)-2-(6,7-Dihydro-5H-thiazoloindol-2-yl)-4,5-dihydrothiazole-4-carboxylic acid",C13H11N3O2S2,305.38,,high,confirmed,77
CY02,CycLuc10,,"Conformationally restricted ring-fused aminoluciferins, the CycLuc series",cycluc,benzothiazole,thiazoline (natural),CN1CCCc2c1ccc1nc(C3=N[C@@H](C(=O)O)CS3)sc21,UQOQONVUZUYXBA-SNVBAGLBSA-N,"2-(6-Methyl-6,7,8,9-tetrahydro-thiazoloquinolin-2-yl)-4,5-dihydro-thiazole-4-carboxylic acid",C15H15N3O2S2,333.44,,high,confirmed,6
CY03,CycLuc11,,"Conformationally restricted ring-fused aminoluciferins, the CycLuc series",cycluc,benzothiazole,thiazoline (natural),CC1(C)CCNc2cc3sc(C4=N[C@@H](C(=O)O)CS4)nc3cc21,TZRMMDQJCDKGOY-LLVKDONJSA-N,"2-(8,8-Dimethyl-5,6,7,8-tetrahydro-thiazoloquinolin-2-yl)-4,5-dihydro-thiazole-4-carboxylic acid",C16H17N3O2S2,347.47,,high,confirmed,6
CY04,CycLuc12,,"Conformationally restricted ring-fused aminoluciferins, the CycLuc series",cycluc,benzothiazole,thiazoline (natural),CN1CCC(C)(C)c2cc3nc(C4=N[C@@H](C(=O)O)CS4)sc3cc21,KNODTRNYUXCDTA-LLVKDONJSA-N,"2-(5,8,8-Trimethyl-5,6,7,8-tetrahydro-thiazoloquinolin-2-yl)-4,5-dihydro-thiazole-4-carboxylic acid",C17H19N3O2S2,361.49,,high,confirmed,5
CY05,CycLuc2,compound 10 (Miller 2018 review); compound 16b (Reddy 2010),"Conformationally restricted ring-fused aminoluciferins, the CycLuc series",cycluc,benzothiazole,thiazoline (natural),CN1CCc2cc3nc(C4=N[C@@H](C(=O)O)CS4)sc3cc21,FHDMDDBUGSVLGG-SECBINFHSA-N,"2-(5-Methyl-6,7-dihydro-5H-thiazoloindol-2-yl)-4,5-dihydro-thiazole-4-carboxylic acid (16b)",C14H13N3O2S2,319.41,,high,confirmed,38
CY06,CycLuc3,,"Conformationally restricted ring-fused aminoluciferins, the CycLuc series",cycluc,benzothiazole,thiazoline (natural),O=C(O)[C@H]1CSC(c2nc3cc4c(cc3s2)NCCO4)=N1,IJUZLBCLMBCYOZ-MRVPVSSYSA-N,"2-(7,8-Dihydro-6H-5-oxa-1-thia-3,8-diaza-cyclopentanaphthalen-2-yl)-4,5-dihydro-thiazole-4-carboxylic acid",C13H11N3O3S2,321.38,,high,confirmed,5
CY07,CycLuc4,,"Conformationally restricted ring-fused aminoluciferins, the CycLuc series",cycluc,benzothiazole,thiazoline (natural),CN1CCOc2cc3nc(C4=N[C@@H](C(=O)O)CS4)sc3cc21,JUFUGZYFAJWNPQ-MRVPVSSYSA-N,"2-(8-Methyl-7,8-dihydro-6H-5-oxa-1-thia-3,8-diaza-cyclopentanaphthalen-2-yl)-4,5-dihydro-thiazole-4-carboxylic acid",C14H13N3O3S2,335.41,,high,confirmed,5
CY08,CycLuc5,,"Conformationally restricted ring-fused aminoluciferins, the CycLuc series",cycluc,benzothiazole,thiazoline (natural),CC1=CC(C)(C)Nc2cc3sc(C4=N[C@@H](C(=O)O)CS4)nc3cc21,ZWUOZFHAJZTSPR-GFCCVEGCSA-N,"2-(6,6,8-Trimethyl-5,6-dihydro-thiazoloquinolin-2-yl)-4,5-dihydro-thiazole-4-carboxylic acid",C17H17N3O2S2,359.48,,high,confirmed,4
CY09,CycLuc6,,"Conformationally restricted ring-fused aminoluciferins, the CycLuc series",cycluc,benzothiazole,thiazoline (natural),CC1=CC(C)(C)N(C)c2cc3sc(C4=N[C@@H](C(=O)O)CS4)nc3cc21,UZCFZDSRFKTGGM-GFCCVEGCSA-N,"2-(5,6,6,8-Tetramethyl-5,6-dihydro-thiazoloquinolin-2-yl)-4,5-dihydro-thiazole-4-carboxylic acid",C18H19N3O2S2,373.5,,high,confirmed,5
CY10,CycLuc7,,"Conformationally restricted ring-fused aminoluciferins, the CycLuc series",cycluc,benzothiazole,thiazoline (natural),O=C(O)[C@H]1CSC(c2nc3cc4c(cc3s2)NCCC4)=N1,BKYMBDMQGNICFU-SNVBAGLBSA-N,"2-(5,6,7,8-Tetrahydro-thiazoloquinolin-2-yl)-4,5-dihydro-thiazole-4-carboxylic acid",C14H13N3O2S2,319.41,,high,confirmed,7
CY11,CycLuc8,,"Conformationally restricted ring-fused aminoluciferins, the CycLuc series",cycluc,benzothiazole,thiazoline (natural),CN1CCCc2cc3nc(C4=N[C@@H](C(=O)O)CS4)sc3cc21,QBNFGHAUCLVPHY-SNVBAGLBSA-N,"2-(5-Methyl-5,6,7,8-tetrahydro-thiazoloquinolin-2-yl)-4,5-dihydro-thiazole-4-carboxylic acid",C15H15N3O2S2,333.44,,high,confirmed,4
CY12,CycLuc9,,"Conformationally restricted ring-fused aminoluciferins, the CycLuc series",cycluc,benzothiazole,thiazoline (natural),O=C(O)[C@H]1CSC(c2nc3ccc4c(c3s2)CCCN4)=N1,XOGNVQAVADGQHN-SNVBAGLBSA-N,"2-(6,7,8,9-Tetrahydro-thiazoloquinolin-2-yl)-4,5-dihydro-thiazole-4-carboxylic acid",C14H13N3O2S2,319.41,,high,confirmed,4
SU01,"6'-(2,4,6-triisopropylbenzenesulfonamidyl) luciferin",compound 34a (Sharma 2019),6'-Sulfonamidyl luciferins,sulfonamide,benzothiazole,thiazoline (natural),CC(C)c1cc(C(C)C)c(S(=O)(=O)Nc2ccc3nc(C4=N[C@@H](C(=O)O)CS4)sc3c2)c(C(C)C)c1,CHWARRFJZSNONF-OAQYLSRUSA-N,"(S)-2-(6-(2,4,6-triisopropylphenylsulfonamido)benzothiazol-2-yl)-4,5-dihydrothiazole-4-carboxylic acid",C26H31N3O4S3,545.75,,high,confirmed,9
SU02,"6'-(2,6-dimethylbenzenesulfonamidyl) luciferin",compound 31a (Sharma 2019),6'-Sulfonamidyl luciferins,sulfonamide,benzothiazole,thiazoline (natural),Cc1cccc(C)c1S(=O)(=O)Nc1ccc2nc(C3=N[C@@H](C(=O)O)CS3)sc2c1,KCWOVNJBVMISMM-CQSZACIVSA-N,"(S)-2-(6-(2,6-dimethylphenylsulfonamido)benzothiazol-2-yl)-4,5-dihydrothiazole-4-carboxylic acid",C19H17N3O4S3,447.56,,high,confirmed,1
SU03,6'-(2-methylbenzenesulfonamidyl) luciferin,compound 29a (Sharma 2019); o-toluenesulfonamidyl luciferin,6'-Sulfonamidyl luciferins,sulfonamide,benzothiazole,thiazoline (natural),Cc1ccccc1S(=O)(=O)Nc1ccc2nc(C3=N[C@@H](C(=O)O)CS3)sc2c1,WJFZVDPPPMCJPL-CYBMUJFWSA-N,"(S)-2-(6-(2-methylphenylsulfonamido)benzothiazol-2-yl)-4,5-dihydrothiazole-4-carboxylic acid",C18H15N3O4S3,433.54,,high,confirmed,1
SU04,6'-(2-phenylethanesulfonamidyl) luciferin,compound 25a (Sharma 2019); phenethyl sulfonamidyl luciferin,6'-Sulfonamidyl luciferins,sulfonamide,benzothiazole,thiazoline (natural),O=C(O)[C@H]1CSC(c2nc3ccc(NS(=O)(=O)CCc4ccccc4)cc3s2)=N1,USGLANTUCOOSFU-OAHLLOKOSA-N,"(S)-2-(6-(2-phenylethylsulfonamido)benzothiazol-2-yl)-4,5-dihydrothiazole-4-carboxylic acid",C19H17N3O4S3,447.56,,high,confirmed,10
SU05,"6'-(3,3,3-trifluoro-N-methylpropane-1-sulfonamidyl) luciferin",compound 42a (Sharma 2019),6'-Sulfonamidyl luciferins,sulfonamide,benzothiazole,thiazoline (natural),CN(c1ccc2nc(C3=N[C@@H](C(=O)O)CS3)sc2c1)S(=O)(=O)CCC(F)(F)F,BEHHXYLTOZXMBU-SNVBAGLBSA-N,"(S)-2-(6-(3,3,3-trifluoro-N-methylpropylsulfonamido)benzothiazol-2-yl)-4,5-dihydrothiazole-4-carboxylic acid",C15H14F3N3O4S3,453.49,,high,confirmed,7
SU06,"6'-(3,3,3-trifluoropropane-1-sulfonamidyl) luciferin",TFP sulfonamidyl luciferin; compound 41a (Sharma 2019),6'-Sulfonamidyl luciferins,sulfonamide,benzothiazole,thiazoline (natural),O=C(O)[C@H]1CSC(c2nc3ccc(NS(=O)(=O)CCC(F)(F)F)cc3s2)=N1,DHMGMGARYSOXMD-SECBINFHSA-N,"(S)-2-(6-(3,3,3-trifluoropropylsulfonamido)benzothiazol-2-yl)-4,5-dihydrothiazole-4-carboxylic acid",C14H12F3N3O4S3,439.46,,high,confirmed,11
SU07,6'-(benzenesulfonamidyl) luciferin,compound 27a (Sharma 2019),6'-Sulfonamidyl luciferins,sulfonamide,benzothiazole,thiazoline (natural),O=C(O)[C@H]1CSC(c2nc3ccc(NS(=O)(=O)c4ccccc4)cc3s2)=N1,COKJDWMJSMFXKD-CYBMUJFWSA-N,"(S)-2-(6-(phenylsulfonamido)benzothiazol-2-yl)-4,5-dihydrothiazole-4-carboxylic acid",C17H13N3O4S3,419.51,,high,confirmed,11
SU08,6'-(butane-1-sulfonamidyl) luciferin,compound 9a (Sharma 2019); n-butyl sulfonamidyl luciferin,6'-Sulfonamidyl luciferins,sulfonamide,benzothiazole,thiazoline (natural),CCCCS(=O)(=O)Nc1ccc2nc(C3=N[C@@H](C(=O)O)CS3)sc2c1,RJQMXSCQXVZYQW-LLVKDONJSA-N,"(S)-2-(6-(butylsulfonamido)benzothiazol-2-yl)-4,5-dihydrothiazole-4-carboxylic acid",C15H17N3O4S3,399.52,,high,confirmed,10
SU09,6'-(hexane-1-sulfonamidyl) luciferin,compound 14a (Sharma 2019); n-hexyl sulfonamidyl luciferin,6'-Sulfonamidyl luciferins,sulfonamide,benzothiazole,thiazoline (natural),CCCCCCS(=O)(=O)Nc1ccc2nc(C3=N[C@@H](C(=O)O)CS3)sc2c1,BVCHFZPTSVLKAY-CYBMUJFWSA-N,"(S)-2-(6-(hexylsulfonamido)benzothiazol-2-yl)-4,5-dihydrothiazole-4-carboxylic acid",C17H21N3O4S3,427.57,,high,confirmed,1
SU10,6'-(mesitylenesulfonamidyl) luciferin,compound 32a (Sharma 2019); mesityl sulfonamidyl luciferin,6'-Sulfonamidyl luciferins,sulfonamide,benzothiazole,thiazoline (natural),Cc1cc(C)c(S(=O)(=O)Nc2ccc3nc(C4=N[C@@H](C(=O)O)CS4)sc3c2)c(C)c1,JUTNPFJRQXZMDC-OAHLLOKOSA-N,"(S)-2-(6-(2,4,6-trimethylphenylsulfonamido)benzothiazol-2-yl)-4,5-dihydrothiazole-4-carboxylic acid",C20H19N3O4S3,461.59,,high,confirmed,10
SU11,6'-(N-methyl-benzenesulfonamidyl) luciferin,compound 28a (Sharma 2019),6'-Sulfonamidyl luciferins,sulfonamide,benzothiazole,thiazoline (natural),CN(c1ccc2nc(C3=N[C@@H](C(=O)O)CS3)sc2c1)S(=O)(=O)c1ccccc1,CIJMKASKCAQKBH-CQSZACIVSA-N,"(S)-2-(6-(N-methylphenylsulfonamido)benzothiazol-2-yl)-4,5-dihydrothiazole-4-carboxylic acid",C18H15N3O4S3,433.54,,high,confirmed,6
SU12,6'-(N-methyl-methanesulfonamidyl) luciferin,compound 4a (Sharma 2019),6'-Sulfonamidyl luciferins,sulfonamide,benzothiazole,thiazoline (natural),CN(c1ccc2nc(C3=N[C@@H](C(=O)O)CS3)sc2c1)S(C)(=O)=O,HLXVEMHHUWBYTE-SECBINFHSA-N,"(S)-2-(6-(N-methylmethylsulfonamido)benzothiazol-2-yl)-4,5-dihydrothiazole-4-carboxylic acid",C13H13N3O4S3,371.47,,high,confirmed,8
SU13,6'-(octane-1-sulfonamidyl) luciferin,compound 15a (Sharma 2019); n-octyl sulfonamidyl luciferin,6'-Sulfonamidyl luciferins,sulfonamide,benzothiazole,thiazoline (natural),CCCCCCCCS(=O)(=O)Nc1ccc2nc(C3=N[C@@H](C(=O)O)CS3)sc2c1,RFXMHIDKBGOWBU-OAHLLOKOSA-N,"(S)-2-(6-(octylsulfonamido)benzothiazol-2-yl)-4,5-dihydrothiazole-4-carboxylic acid",C19H25N3O4S3,455.63,,high,confirmed,1
SU14,6'-(pentane-1-sulfonamidyl) luciferin,compound 12a (Sharma 2019); n-pentyl sulfonamidyl luciferin,6'-Sulfonamidyl luciferins,sulfonamide,benzothiazole,thiazoline (natural),CCCCCS(=O)(=O)Nc1ccc2nc(C3=N[C@@H](C(=O)O)CS3)sc2c1,JVFMSGBERGVPSM-GFCCVEGCSA-N,"(S)-2-(6-(pentylsulfonamido)benzothiazol-2-yl)-4,5-dihydrothiazole-4-carboxylic acid",C16H19N3O4S3,413.55,,high,confirmed,9
SU15,6'-(trifluoromethanesulfonamidyl) luciferin,compound 43a (Sharma 2019); triflamidyl luciferin,6'-Sulfonamidyl luciferins,sulfonamide,benzothiazole,thiazoline (natural),O=C(O)[C@H]1CSC(c2nc3ccc(NS(=O)(=O)C(F)(F)F)cc3s2)=N1,LBYGWNYZRFCDOZ-SSDOTTSWSA-N,"(S)-2-(6-(trifluoromethylsulfonamido)benzothiazol-2-yl)-4,5-dihydrothiazole-4-carboxylic acid",C12H8F3N3O4S3,411.41,,high,confirmed,9
SU16,6'-methanesulfonamidyl luciferin,compound 3a (Sharma 2019); mesyl luciferin,6'-Sulfonamidyl luciferins,sulfonamide,benzothiazole,thiazoline (natural),CS(=O)(=O)Nc1ccc2nc(C3=N[C@@H](C(=O)O)CS3)sc2c1,KBNILPFFKWXRTC-MRVPVSSYSA-N,"(S)-2-(6-(methylsulfonamido)benzothiazol-2-yl)-4,5-dihydrothiazole-4-carboxylic acid",C12H11N3O4S3,357.44,,high,confirmed,10
SP01,6'-(methylsulfanyl) luciferin,6'-S-methyl luciferin; 6'-thiomethylluciferin; compound 10a (Sharma 2017),Other 6'-heteroatom-substituted luciferins,sixprime,benzothiazole,thiazoline (natural),CSc1ccc2nc(C3=N[C@@H](C(=O)O)CS3)sc2c1,VQZWYPNOHNJPPZ-MRVPVSSYSA-N,"(S)-2-(6-(methylthio)benzothiazol-2-yl)-4,5-dihydrothiazole-4-carboxylic acid",C12H10N2O2S3,310.43,,high,confirmed,9
SP02,6'-(methylsulfinyl) luciferin,compound 11a (Sharma 2017); 6'-methylsulfoxide luciferin,Other 6'-heteroatom-substituted luciferins,sixprime,benzothiazole,thiazoline (natural),CS(=O)c1ccc2nc(C3=N[C@@H](C(=O)O)CS3)sc2c1,LOMBGXWYYBKPCS-PMLQENADSA-N,"(4S)-2-(6-(methylsulfinyl)benzothiazol-2-yl)-4,5-dihydrothiazole-4-carboxylic acid",C12H10N2O3S3,326.42,unknown,high,confirmed,3
SP03,6'-(methylsulfonyl) luciferin,compound 12a (Sharma 2017); 6'-methylsulfone luciferin,Other 6'-heteroatom-substituted luciferins,sixprime,benzothiazole,thiazoline (natural),CS(=O)(=O)c1ccc2nc(C3=N[C@@H](C(=O)O)CS3)sc2c1,IEGPORHMPRZSLO-MRVPVSSYSA-N,"(S)-2-(6-(methylsulfonyl)benzothiazol-2-yl)-4,5-dihydrothiazole-4-carboxylic acid",C12H10N2O4S3,342.42,,high,confirmed,3
SP04,6'-(phenylsulfanyl) luciferin,6'-thiophenyl luciferin; compound 13a (Sharma 2017),Other 6'-heteroatom-substituted luciferins,sixprime,benzothiazole,thiazoline (natural),O=C(O)[C@H]1CSC(c2nc3ccc(Sc4ccccc4)cc3s2)=N1,QHXHXJNLPPRNDM-CYBMUJFWSA-N,"(S)-2-(6-(phenylthio)benzothiazol-2-yl)-4,5-dihydrothiazole-4-carboxylic acid",C17H12N2O2S3,372.5,,high,confirmed,0
SP05,6'-Chloroluciferin,6-chloroluciferin,Other 6'-heteroatom-substituted luciferins,sixprime,benzothiazole,thiazoline (natural),O=C(O)C1CSC(c2nc3ccc(Cl)cc3s2)=N1,RXHBNUVQXKKVQM-UHFFFAOYSA-N,"2-(6-chloro-1,3-benzothiazol-2-yl)-4,5-dihydro-1,3-thiazole-4-carboxylic acid",C11H7ClN2O2S2,298.78,unknown,high,confirmed,1
SP06,6'-deoxyLuc,"2-(benzothiazol-2-yl)-4,5-dihydrothiazole-4-carboxylic acid; 6'-deoxyluciferin; compound 19c in Meroni et al. 2009; deshydroxyluciferin",Other 6'-heteroatom-substituted luciferins,sixprime,benzothiazole,thiazoline (natural),O=C(O)[C@H]1CSC(c2nc3ccccc3s2)=N1,SVVRFTXLHTTYAG-SSDOTTSWSA-N,"(4S)-2-(1,3-Benzothiazol-2-yl)-4,5-dihydro-1,3-thiazole-4-carboxylic acid",C11H8N2O2S2,264.33,,high,unverified,5
SP07,6'-Ethoxyluciferin,6-ethoxyluciferin,Other 6'-heteroatom-substituted luciferins,sixprime,benzothiazole,thiazoline (natural),CCOc1ccc2nc(C3=NC(C(=O)O)CS3)sc2c1,BUGLOFJKLPGHFK-UHFFFAOYSA-N,"2-(6-ethoxy-1,3-benzothiazol-2-yl)-4,5-dihydro-1,3-thiazole-4-carboxylic acid",C13H12N2O3S2,308.38,unknown,high,confirmed,1
SP08,6'-Methoxydehydroluciferin,6-methoxydehydroluciferin,Other 6'-heteroatom-substituted luciferins,sixprime,benzothiazole,aromatic thiazole,COc1ccc2nc(-c3nc(C(=O)O)cs3)sc2c1,RSHSNCAMMAJTCM-UHFFFAOYSA-N,"2-(6-methoxy-1,3-benzothiazol-2-yl)-1,3-thiazole-4-carboxylic acid",C12H8N2O3S2,292.34,,high,confirmed,1
SP09,6'-methoxyLuc,6'-OMe-luciferin; 6'-methoxyluciferin; 6-methyl ether of luciferin; compound 19a in Meroni et al. 2009; luciferin methyl ether,Other 6'-heteroatom-substituted luciferins,sixprime,benzothiazole,thiazoline (natural),COc1ccc2nc(C3=N[C@@H](C(=O)O)CS3)sc2c1,ZTQKCGHSTKIWFW-MRVPVSSYSA-N,"(4S)-2-(6-Methoxy-1,3-benzothiazol-2-yl)-4,5-dihydro-1,3-thiazole-4-carboxylic acid",C12H10N2O3S2,294.36,,high,confirmed,9
SP10,6'-Methylluciferin,6-methylluciferin,Other 6'-heteroatom-substituted luciferins,sixprime,benzothiazole,thiazoline (natural),Cc1ccc2nc(C3=NC(C(=O)O)CS3)sc2c1,PQWRIGZZFUERBN-UHFFFAOYSA-N,"2-(6-methyl-1,3-benzothiazol-2-yl)-4,5-dihydro-1,3-thiazole-4-carboxylic acid",C12H10N2O2S2,278.36,unknown,high,confirmed,1
SP11,D-Thioluciferin,6'-mercaptoluciferin; 6'-thio analogue of D-luciferin; 6'-thio-D-luciferin; compound 3 (Rylands & Jardine); compound 3 in Rylands & Jardine 2020,Other 6'-heteroatom-substituted luciferins,sixprime,benzothiazole,thiazoline (natural),O=C(O)[C@H]1CSC(c2nc3ccc(S)cc3s2)=N1,NAZLHJNBNGKBQP-SSDOTTSWSA-N,"(4R)-2-(6-sulfanyl-1,3-benzothiazol-2-yl)-4,5-dihydro-1,3-thiazole-4-carboxylic acid",C11H8N2O2S3,296.4,,high,confirmed,7
RS01,"""4-Hydroxyluciferin"" positional isomer (White & Woerther 1966 compound 2)",2-(4-hydroxy-2-benzothiazolyl)-delta-2-thiazoline-4-carboxylic acid; 4-hydroxy analog of firefly luciferin; compound 2,"Ring-substituted benzothiazole luciferins, 4'-, 5'-, 7'-",ringsubst,benzothiazole,thiazoline (natural),O=C(O)C1CSC(c2nc3c(O)cccc3s2)=N1,KZABRFDXAOGZKO-UHFFFAOYSA-N,"(4RS)-2-(4-hydroxy-1,3-benzothiazol-2-yl)-4,5-dihydro-1,3-thiazole-4-carboxylic acid (racemic)",C11H8N2O3S2,280.33,racemate,high,confirmed,2
RS02,"""5-Hydroxyluciferin"" (White & Woerther 1966 compound 3)",2-(5-hydroxy-2-benzothiazolyl)-delta-2-thiazoline-4-carboxylic acid; compound 3,"Ring-substituted benzothiazole luciferins, 4'-, 5'-, 7'-",ringsubst,benzothiazole,thiazoline (natural),O=C(O)C1CSC(c2nc3cc(O)ccc3s2)=N1,IGXWBGJHJZYPQS-UHFFFAOYSA-N,"(4RS)-2-(5-hydroxy-1,3-benzothiazol-2-yl)-4,5-dihydro-1,3-thiazole-4-carboxylic acid (racemic)",C11H8N2O3S2,280.33,racemate,high,confirmed,2
RS03,"""7-Hydroxyluciferin"" (White & Woerther 1966 compound 4)",2-(7-hydroxy-2-benzothiazolyl)-delta-2-thiazoline-4-carboxylic acid; compound 4,"Ring-substituted benzothiazole luciferins, 4'-, 5'-, 7'-",ringsubst,benzothiazole,thiazoline (natural),O=C(O)C1CSC(c2nc3cccc(O)c3s2)=N1,HEYMYHOTRPYEPY-UHFFFAOYSA-N,"(4RS)-2-(7-hydroxy-1,3-benzothiazol-2-yl)-4,5-dihydro-1,3-thiazole-4-carboxylic acid (racemic)",C11H8N2O3S2,280.33,racemate,high,confirmed,2
RS04,4'-BrLuc,4'-bromoluciferin (name as abbreviated in the paper); 4prime-BrLuc; bromo-D-luciferin (C4' regioisomer),"Ring-substituted benzothiazole luciferins, 4'-, 5'-, 7'-",ringsubst,benzothiazole,thiazoline (natural),O=C(O)[C@H]1CSC(c2nc3c(Br)cc(O)cc3s2)=N1,NZHIIDQCZSGMLF-ZCFIWIBFSA-N,"(S)-2-(4-Bromo-6-hydroxybenzothiazol-2-yl)-4,5-dihydrothiazole-4-carboxylic acid",C11H7BrN2O3S2,359.23,,high,confirmed,32
RS05,4'-DMAMeLuc,4'-[(dimethylamino)methyl] luciferin; 4prime-DMAMeLuc,"Ring-substituted benzothiazole luciferins, 4'-, 5'-, 7'-",ringsubst,benzothiazole,thiazoline (natural),CN(C)Cc1cc(O)cc2sc(C3=N[C@@H](C(=O)O)CS3)nc12,KATKEVZSXZONFL-SECBINFHSA-N,"(S)-2-(4-((dimethylamino)methyl)-6-hydroxybenzothiazol-2-yl)-4,5-dihydrothiazole-4-carboxylate potassium salt (free acid: (4S)-2-{4--6-hydroxy-1,3-benzothiazol-2-yl}-4,5-dihydro-1,3-thiazole-4-carboxylic acid)",C14H15N3O3S2,337.43,,high,confirmed,1
RS06,4'-MeLuc,,"Ring-substituted benzothiazole luciferins, 4'-, 5'-, 7'-",ringsubst,benzothiazole,thiazoline (natural),Cc1cc(O)cc2sc(C3=N[C@@H](C(=O)O)CS3)nc12,NIYJAWAPTYCFGV-SSDOTTSWSA-N,"4'-Methyl luciferin = (4S)-2-(6-hydroxy-4-methyl-1,3-benzothiazol-2-yl)-4,5-dihydro-1,3-thiazole-4-carboxylic acid",C12H10N2O3S2,294.36,,high,confirmed,0
RS07,4'-MeOHLuc,4'-(hydroxymethyl) luciferin,"Ring-substituted benzothiazole luciferins, 4'-, 5'-, 7'-",ringsubst,benzothiazole,thiazoline (natural),O=C(O)[C@H]1CSC(c2nc3c(CO)cc(O)cc3s2)=N1,OIYKUSJPBCBHTF-SSDOTTSWSA-N,"(S)-2-(6-hydroxy-4-(hydroxymethyl)benzothiazol-2-yl)-4,5-dihydrothiazole-4-carboxylic acid",C12H10N2O4S2,310.36,,high,confirmed,1
RS08,4'-SO3HLuc,4'-(sulfonatomethyl) luciferin; 4'-sulfomethyl luciferin,"Ring-substituted benzothiazole luciferins, 4'-, 5'-, 7'-",ringsubst,benzothiazole,thiazoline (natural),O=C(O)[C@H]1CSC(c2nc3c(CS(=O)(=O)O)cc(O)cc3s2)=N1,NBOAYRJAUFPAHR-SSDOTTSWSA-N,"(S)-2-(6-hydroxy-4-(sulfonatomethyl)benzothiazol-2-yl)-4,5-dihydrothiazole-4-carboxylate potassium salt",C12H10N2O6S3,374.42,,high,confirmed,1
RS09,5'-Alkynyl luciferin,5'-ethynyl-D-luciferin; alkynyl luciferin; compound 2 (Steinhardt 2016),"Ring-substituted benzothiazole luciferins, 4'-, 5'-, 7'-",ringsubst,benzothiazole,thiazoline (natural),C#Cc1cc2nc(C3=N[C@@H](C(=O)O)CS3)sc2cc1O,YLJXJCWXDWSYBY-MRVPVSSYSA-N,"(S)-2-(5-Ethynyl-6-hydroxybenzothiazol-2-yl)-4,5-dihydrothiazole-4-carboxylic acid",C13H8N2O3S2,304.35,,high,confirmed,5
RS10,5'-BrLuc,5prime-BrLuc; bromo-D-luciferin (C5' regioisomer),"Ring-substituted benzothiazole luciferins, 4'-, 5'-, 7'-",ringsubst,benzothiazole,thiazoline (natural),O=C(O)[C@H]1CSC(c2nc3cc(Br)c(O)cc3s2)=N1,XIWSEKMZEBDPFR-ZCFIWIBFSA-N,"(S)-2-(5-Bromo-6-hydroxybenzothiazol-2-yl)-4,5-dihydrothiazole-4-carboxylic acid",C11H7BrN2O3S2,359.23,,high,confirmed,6
RS11,5'-Chloroluciferin,21 in Meroni et al. 2009,"Ring-substituted benzothiazole luciferins, 4'-, 5'-, 7'-",ringsubst,benzothiazole,,,,,,,,,unverified,1
RS12,5-Methylluciferin,18a in Meroni et al. 2009; cis/trans 5-methylluciferin,"Ring-substituted benzothiazole luciferins, 4'-, 5'-, 7'-",ringsubst,benzothiazole,thiazoline (natural),CC1SC(c2nc3ccc(O)cc3s2)=NC1C(=O)O,XWVFWZHCHLEHGD-UHFFFAOYSA-N,"2-(6-hydroxy-1,3-benzothiazol-2-yl)-5-methyl-4,5-dihydro-1,3-thiazole-4-carboxylic acid",C12H10N2O3S2,294.36,racemate,high,confirmed,1
RS13,7'-Allyl-D-luciferin,1b (Kitada 2018); 7-allyl luciferin,"Ring-substituted benzothiazole luciferins, 4'-, 5'-, 7'-",ringsubst,benzothiazole,thiazoline (natural),C=CCc1c(O)ccc2nc(C3=N[C@@H](C(=O)O)CS3)sc12,ORMDJQNYUDMFIT-SECBINFHSA-N,"(4S)-2-(7-allyl-6-hydroxy-1,3-benzothiazol-2-yl)-4,5-dihydro-1,3-thiazole-4-carboxylic acid",C14H12N2O3S2,320.39,,high,unverified,4
RS14,7'-BrLuc,7prime-BrLuc; bromo-D-luciferin (C7' regioisomer),"Ring-substituted benzothiazole luciferins, 4'-, 5'-, 7'-",ringsubst,benzothiazole,thiazoline (natural),O=C(O)[C@H]1CSC(c2nc3ccc(O)c(Br)c3s2)=N1,PTGBXHFAWNOZQD-RXMQYKEDSA-N,"(S)-2-(7-Bromo-6-hydroxybenzothiazol-2-yl)-4,5-dihydrothiazole-4-carboxylic acid",C11H7BrN2O3S2,359.23,,high,confirmed,4
RS15,7'-MeLuc,,"Ring-substituted benzothiazole luciferins, 4'-, 5'-, 7'-",ringsubst,benzothiazole,thiazoline (natural),Cc1c(O)ccc2nc(C3=N[C@@H](C(=O)O)CS3)sc12,YUTJZWUYHLUCEJ-SSDOTTSWSA-N,"7'-Methyl luciferin = (4S)-2-(6-hydroxy-7-methyl-1,3-benzothiazol-2-yl)-4,5-dihydro-1,3-thiazole-4-carboxylic acid",C12H10N2O3S2,294.36,,high,confirmed,0
RS16,7Cl-LH2,7'-chloro-D-luciferin,"Ring-substituted benzothiazole luciferins, 4'-, 5'-, 7'-",ringsubst,benzothiazole,thiazoline (natural),O=C(O)[C@H]1CSC(c2nc3ccc(O)c(Cl)c3s2)=N1,SFSPXSASQRQGEC-RXMQYKEDSA-N,D-(-)-2-(7'-Chloro-6'-hydroxy-2'-benzothiazolyl)-delta-2-thiazoline-4-carboxylic acid,C11H7ClN2O3S2,314.78,,high,confirmed,10
RS17,7Cl5allyl-LH2,5'-allyl-7'-chloro-D-luciferin,"Ring-substituted benzothiazole luciferins, 4'-, 5'-, 7'-",ringsubst,benzothiazole,thiazoline (natural),C=CCc1cc2nc(C3=N[C@@H](C(=O)O)CS3)sc2c(Cl)c1O,MLBCBJJMEBUENB-MRVPVSSYSA-N,D-(-)-2-(5'-Allyl-7'-chloro-6'-hydroxy-2'-benzothiazolyl)-delta-2-thiazoline-4-carboxylic acid,C14H11ClN2O3S2,354.84,,high,confirmed,10
RS18,7Cl5HM-LH2,5'-hydroxymethyl-7'-chloro-D-luciferin,"Ring-substituted benzothiazole luciferins, 4'-, 5'-, 7'-",ringsubst,benzothiazole,thiazoline (natural),O=C(O)[C@H]1CSC(c2nc3cc(CO)c(O)c(Cl)c3s2)=N1,YGECDRCXQSJBQC-ZCFIWIBFSA-N,D-(-)-2-(7'-Chloro-6'-hydroxy-5'-hydroxymethyl-2'-benzothiazolyl)-delta-2-thiazoline-4-carboxylic acid,C12H9ClN2O4S2,344.8,,high,confirmed,10
RS19,7F-LH2,7'-fluoro-D-luciferin,"Ring-substituted benzothiazole luciferins, 4'-, 5'-, 7'-",ringsubst,benzothiazole,thiazoline (natural),O=C(O)[C@H]1CSC(c2nc3ccc(O)c(F)c3s2)=N1,PQZHFQOXSCNALP-RXMQYKEDSA-N,D-(-)-2-(7'-Fluoro-6'-hydroxy-2'-benzothiazolyl)-delta-2-thiazoline-4-carboxylic acid,C11H7FN2O3S2,298.32,,high,confirmed,10
RS20,7F5allyl-LH2,5'-allyl-7'-fluoro-D-luciferin,"Ring-substituted benzothiazole luciferins, 4'-, 5'-, 7'-",ringsubst,benzothiazole,thiazoline (natural),C=CCc1cc2nc(C3=N[C@@H](C(=O)O)CS3)sc2c(F)c1O,XTRGQNSGUYCIET-MRVPVSSYSA-N,D-(-)-2-(5'-Allyl-7'-fluoro-6'-hydroxy-2'-benzothiazolyl)-delta-2-thiazoline-4-carboxylic acid,C14H11FN2O3S2,338.39,,high,confirmed,10
RS21,7F5HM-LH2,5'-hydroxymethyl-7'-fluoro-D-luciferin,"Ring-substituted benzothiazole luciferins, 4'-, 5'-, 7'-",ringsubst,benzothiazole,thiazoline (natural),O=C(O)[C@H]1CSC(c2nc3cc(CO)c(O)c(F)c3s2)=N1,KEUQFZBABMOCTP-ZCFIWIBFSA-N,D-(-)-2-(7'-Fluoro-6'-hydroxy-5'-hydroxymethyl-2'-benzothiazolyl)-delta-2-thiazoline-4-carboxylic acid,C12H9FN2O4S2,328.35,,high,confirmed,10
RS22,"Sterically modified luciferin 2b (Jones 2017, C7'-modified)","7'-(dimethylaminomethyl)luciferin (inferred); 7'-DMAMeLuc; compound 2b (Jones et al., JACS 2017)","Ring-substituted benzothiazole luciferins, 4'-, 5'-, 7'-",ringsubst,benzothiazole,thiazoline (natural),CN(C)Cc1c(O)ccc2nc(C3=N[C@@H](C(=O)O)CS3)sc12,HMXUZAIODZCNAE-SECBINFHSA-N,"7'- luciferin = (4S)-2-{7--6-hydroxy-1,3-benzothiazol-2-yl}-4,5-dihydro-1,3-thiazole-4-carboxylic acid",C14H15N3O3S2,337.43,,high,confirmed,10
RS23,"Sterically modified luciferin 2c (Jones 2017, C7'-modified)","compound 2c (Jones et al., JACS 2017)","Ring-substituted benzothiazole luciferins, 4'-, 5'-, 7'-",ringsubst,benzothiazole,thiazoline (natural),O=C(O)[C@H]1CSC(c2nc3ccc(O)c(CN4CCOCC4)c3s2)=N1,OJTREXPXRCEBOH-LLVKDONJSA-N,"7'- luciferin = (4S)-2--4,5-dihydro-1,3-thiazole-4-carboxylic acid",C16H17N3O4S2,379.46,,high,confirmed,11
RS24,"Sterically modified luciferin 2d (Jones 2017, C7'-modified)","7'-MorPipLuc; analogue 11 (Rathbun 2017); compound 2d (Jones et al., JACS 2017)","Ring-substituted benzothiazole luciferins, 4'-, 5'-, 7'-",ringsubst,benzothiazole,thiazoline (natural),O=C(O)[C@H]1CSC(c2nc3ccc(O)c(CN4CCC(N5CCOCC5)CC4)c3s2)=N1,PLORSEIVPOUWNB-MRXNPFEDSA-N,"7'-{methyl} luciferin = (4S)-2-(6-hydroxy-7-{methyl}-1,3-benzothiazol-2-yl)-4,5-dihydro-1,3-thiazole-4-carboxylic acid",C21H26N4O4S2,462.6,,high,confirmed,11
RS25,"Sterically modified luciferin 3b (Jones 2017, C4'-modified)","4'-MorphoLuc; analogue 2 (Rathbun 2017); compound 3b (Jones et al., JACS 2017)","Ring-substituted benzothiazole luciferins, 4'-, 5'-, 7'-",ringsubst,benzothiazole,thiazoline (natural),O=C(O)[C@H]1CSC(c2nc3c(CN4CCOCC4)cc(O)cc3s2)=N1,BXQCKSZAQWODQD-LLVKDONJSA-N,"4'- luciferin = (4S)-2--4,5-dihydro-1,3-thiazole-4-carboxylic acid",C16H17N3O4S2,379.46,,high,confirmed,12
TZ01,"5,5-dimethyl-D-luciferin","5,5-dimethylluciferin; compound 18b in Meroni et al. 2009; dimethylluciferin",Thiazoline-ring-modified and truncated luciferins,thiazoline,benzothiazole,thiazoline (natural),CC1(C)SC(c2nc3ccc(O)cc3s2)=N[C@H]1C(=O)O,XXZCJMWSTWCVLY-VIFPVBQESA-N,"2-(6-hydroxy-1,3-benzothiazol-2-yl)-5,5-dimethyl-4,5-dihydro-1,3-thiazole-4-carboxylic acid",C13H12N2O3S2,308.38,D_enantiomer,high,unverified,5
TZ02,Aminoseleno-D-luciferin,Se-aminoluciferin; amino selenium luciferin; compound 29 (Miller 2018 review); compound 3 (Chang 2023); compound 3c (Conley 2012); compound 4 (Jathoul 2014); compound 5 (Chang 2023b); seleno-D-aminoluciferin; selenoluciferin; selenoluciferin (loose usage),Thiazoline-ring-modified and truncated luciferins,thiazoline,benzothiazole,selenazoline,Nc1ccc2nc(C3=N[C@@H](C(=O)O)C[Se]3)sc2c1,AQIRXTPMSNSUTJ-SSDOTTSWSA-N,"aminoseleno-D-luciferin; (4S)-2-(6-amino-1,3-benzothiazol-2-yl)-4,5-dihydro-1,3-selenazole-4-carboxylic acid",C11H9N3O2SSe,326.24,,high,confirmed,13
TZ03,Carboluciferin,"(R)-5-(6-hydroxybenzothiazol-2-yl)-3,4-dihydro-2H-pyrrole-2-carboxylic acid; Ioka 2016 analogue 6; Pyrr-LH2; pyrroline luciferin analogue",Thiazoline-ring-modified and truncated luciferins,thiazoline,benzothiazole,aromatic thiazole,O=C(O)[C@H]1CCC(c2nc3ccc(O)cc3s2)=N1,ZESOAUFAZBONCH-SECBINFHSA-N,"(2R)-5-(6-hydroxy-1,3-benzothiazol-2-yl)-3,4-dihydro-2H-pyrrole-2-carboxylic acid",C12H10N2O3S,262.29,,high,confirmed,11
TZ04,"D,L-homoluciferin",compound 17 in Meroni et al. 2009; homoluciferin,Thiazoline-ring-modified and truncated luciferins,thiazoline,benzothiazole,aromatic thiazole,O=C(O)C1CCSC(c2nc3ccc(O)cc3s2)=N1,JFAHVLRPWFVXIK-UHFFFAOYSA-N,"2-(6-hydroxy-1,3-benzothiazol-2-yl)-5,6-dihydro-4H-1,3-thiazine-4-carboxylic acid",C12H10N2O3S2,294.36,racemate,high,unverified,0
TZ05,decarboxyluciferin,"2-(6-hydroxybenzothiazol-2-yl)-4,5-dihydrothiazole; compound 19b in Meroni et al. 2009",Thiazoline-ring-modified and truncated luciferins,thiazoline,benzothiazole,thiazoline (natural),Oc1ccc2nc(C3=NCCS3)sc2c1,RGQRPLWPFIWZQZ-UHFFFAOYSA-N,"2-(6-hydroxy-1,3-benzothiazol-2-yl)-4,5-dihydro-1,3-thiazole",C10H8N2OS2,236.32,,high,unverified,2
TZ06,dehydroluciferin,compound 27 in Meroni et al. 2009; oxidized luciferin,Thiazoline-ring-modified and truncated luciferins,thiazoline,benzothiazole,aromatic thiazole,O=C(O)c1csc(-c2nc3ccc(O)cc3s2)n1,CYCGRDQQIOGCKX-UHFFFAOYSA-N,,C11H6N2O3S2,278.31,,high,,1
TZ07,Imidazoline luciferin (benzothiazole core),compound 3 (McCutcheon 2012),Thiazoline-ring-modified and truncated luciferins,thiazoline,benzothiazole,imidazoline,O=C(O)[C@H]1CNC(c2nc3ccc(O)cc3s2)=N1,VPHMJYYTWIXNMT-SSDOTTSWSA-N,(R)-2-(6-Hydroxy-2-benzothiazolyl)-2-imidazoline-4-carboxylic acid,C11H9N3O3S,263.28,,high,confirmed,2
TZ08,Ioka 2016 analogue 2,2-(6-hydroxybenzothiazole-2-carboxamido)acetic acid; glycine analogue,Thiazoline-ring-modified and truncated luciferins,thiazoline,benzothiazole,aromatic thiazole,O=C(O)CNC(=O)c1nc2ccc(O)cc2s1,WTDXWWANLOXROE-UHFFFAOYSA-N,"2-(6-hydroxy-1,3-benzothiazole-2-carboxamido)acetic acid",C10H8N2O4S,252.25,,high,confirmed,4
TZ09,Ioka 2016 analogue 3,(R)-2-(6-hydroxybenzothiazole-2-carboxamido)propanoic acid; D-alanine analogue,Thiazoline-ring-modified and truncated luciferins,thiazoline,benzothiazole,aromatic thiazole,C[C@@H](NC(=O)c1nc2ccc(O)cc2s1)C(=O)O,YWEUCQXSVUSTIF-RXMQYKEDSA-N,"(2R)-2-(6-hydroxy-1,3-benzothiazole-2-carboxamido)propanoic acid",C11H10N2O4S,266.28,,high,confirmed,4
TZ10,Ioka 2016 analogue 4,(R)-3-hydroxy-2-(6-hydroxybenzothiazole-2-carboxamido)propanoic acid; D-serine analogue,Thiazoline-ring-modified and truncated luciferins,thiazoline,benzothiazole,aromatic thiazole,O=C(N[C@H](CO)C(=O)O)c1nc2ccc(O)cc2s1,AREVWBDMYKUKMU-SSDOTTSWSA-N,"(2R)-3-hydroxy-2-(6-hydroxy-1,3-benzothiazole-2-carboxamido)propanoic acid",C11H10N2O5S,282.28,,high,confirmed,4
TZ11,L-3 (Ioka 2016),L-alanine analogue (Ioka 2016); (S)-2-(6-hydroxybenzothiazole-2-carboxamido)propanoic acid,Thiazoline-ring-modified and truncated luciferins,thiazoline,benzothiazole,aromatic thiazole,C[C@H](NC(=O)c1nc2ccc(O)cc2s1)C(=O)O,YWEUCQXSVUSTIF-YFKPBYRVSA-N,"(2S)-2-(6-hydroxy-1,3-benzothiazole-2-carboxamido)propanoic acid",C11H10N2O4S,266.28,,high,confirmed,1
TZ12,L-4 (Ioka 2016),L-serine analogue (Ioka 2016); (S)-3-hydroxy-2-(6-hydroxybenzothiazole-2-carboxamido)propanoic acid,Thiazoline-ring-modified and truncated luciferins,thiazoline,benzothiazole,aromatic thiazole,O=C(N[C@@H](CO)C(=O)O)c1nc2ccc(O)cc2s1,AREVWBDMYKUKMU-ZETCQYMHSA-N,"(2S)-3-hydroxy-2-(6-hydroxy-1,3-benzothiazole-2-carboxamido)propanoic acid",C11H10N2O5S,282.28,,high,confirmed,1
TZ13,"L-carboluciferin (L-6, Ioka 2016)","L-6 (Ioka 2016); (S)-5-(6-hydroxybenzothiazol-2-yl)-3,4-dihydro-2H-pyrrole-2-carboxylic acid",Thiazoline-ring-modified and truncated luciferins,thiazoline,benzothiazole,aromatic thiazole,O=C(O)[C@@H]1CCC(c2nc3ccc(O)cc3s2)=N1,ZESOAUFAZBONCH-VIFPVBQESA-N,"(2S)-5-(6-hydroxy-1,3-benzothiazol-2-yl)-3,4-dihydro-2H-pyrrole-2-carboxylic acid",C12H10N2O3S,262.29,,high,confirmed,1
TZ14,Oxa-LH2,"(R)-2-(6-hydroxybenzothiazol-2-yl)-4,5-dihydrooxazole-4-carboxylic acid; Ioka 2016 analogue 5; oxazoline luciferin analogue",Thiazoline-ring-modified and truncated luciferins,thiazoline,benzothiazole,oxazoline,O=C(O)[C@H]1COC(c2nc3ccc(O)cc3s2)=N1,FDEWJCPHQATACD-SSDOTTSWSA-N,"(4R)-2-(6-hydroxy-1,3-benzothiazol-2-yl)-4,5-dihydro-1,3-oxazole-4-carboxylic acid",C11H8N2O4S,264.26,,high,confirmed,4
CX01,5'-Allyl-NapLuc,3b (Kitada 2018),Heterocycle-exchanged core luciferins,corex,naphthalene,thiazoline (natural),C=CCc1c(O)ccc2cc(C3=N[C@@H](C(=O)O)CS3)ccc12,GJZPPDYZNNJQJO-CQSZACIVSA-N,"(4S)-2-(5-allyl-6-hydroxynaphthalen-2-yl)-4,5-dihydro-1,3-thiazole-4-carboxylic acid",C17H15NO3S,313.38,,high,confirmed,4
CX02,benzimidazole luciferin,6'-hydroxybenzimidazole luciferin; BILH2; Benzimidazole luciferin (BILH2); DL-BILH2; aza-luciferin (benzothiazole S -> NH); compound 10 (Anderson 2019); compound 2 (McCutcheon 2012),Heterocycle-exchanged core luciferins,corex,benzimidazole,thiazoline (natural),O=C(O)[C@H]1CSC(c2nc3ccc(O)cc3[nH]2)=N1,YFONIHMRCZETGE-MRVPVSSYSA-N,(S)-2-(6-Hydroxy-2-benzimidazolyl)-2-thiazoline-4-carboxylic acid,C11H9N3O3S,263.28,,high,confirmed,20
CX03,Benzimidazole-imidazoline luciferin,compound 4 (McCutcheon 2012); fully nitrogenous luciferin,Heterocycle-exchanged core luciferins,corex,benzimidazole,imidazoline,O=C(O)[C@H]1CNC(c2nc3ccc(O)cc3[nH]2)=N1,PAIRBFOXUZXGDG-MRVPVSSYSA-N,(R)-2-(6-Hydroxy-2-benzimidazolyl)-2-imidazoline-4-carboxylic acid,C11H10N4O3,246.23,,high,confirmed,3
CX04,benzofuran luciferin,6'-hydroxybenzofuran luciferin,Heterocycle-exchanged core luciferins,corex,benzofuran,thiazoline (natural),O=C(O)[C@H]1CSC(c2cc3ccc(O)cc3o2)=N1,FPVBHCWVEXUKIX-MRVPVSSYSA-N,"2-(6-Hydroxybenzofuran-2-yl)-4,5-dihydrothiazole-4-carboxylic acid",C12H9NO4S,263.27,,high,confirmed,13
CX05,benzothiophene luciferin,6'-hydroxybenzothiophene luciferin,Heterocycle-exchanged core luciferins,corex,benzothiophene,thiazoline (natural),O=C(O)[C@H]1CSC(c2cc3ccc(O)cc3s2)=N1,YZIZERPEAKQWHH-MRVPVSSYSA-N,"2-(6-Hydroxybenzothiophen-2-yl)-4,5-dihydrothiazole-4-carboxylic acid",C12H9NO3S2,279.34,,high,confirmed,13
CX06,benzoxazole luciferin,6'-hydroxybenzoxazole luciferin,Heterocycle-exchanged core luciferins,corex,benzoxazole,thiazoline (natural),O=C(O)[C@H]1CSC(c2nc3ccc(O)cc3o2)=N1,DGIVOEDYGNUZIB-SSDOTTSWSA-N,"2-(6-Hydroxybenzooxazol-2-yl)-4,5-dihydrothiazole-4-carboxylic acid",C11H8N2O4S,264.26,,high,confirmed,12
CX07,D-quinolylluciferin,QLH2; compound 44b in Meroni et al. 2009,Heterocycle-exchanged core luciferins,corex,quinoline,thiazoline (natural),O=C(O)[C@H]1CSC(c2ccc3cc(O)ccc3n2)=N1,YLOLPLXXFZFHFD-LLVKDONJSA-N,"(4S)-2-(6-hydroxyquinolin-2-yl)-4,5-dihydro-1,3-thiazole-4-carboxylic acid",C13H10N2O3S,274.3,,high,unverified,11
CX08,indole luciferin,6'-hydroxyindole luciferin,Heterocycle-exchanged core luciferins,corex,indole,thiazoline (natural),O=C(O)[C@H]1CSC(c2cc3ccc(O)cc3[nH]2)=N1,ALNQLJREMKKNHK-SNVBAGLBSA-N,"2-(6-Hydroxy-1H-indol-2-yl)-4,5-dihydrothiazole-4-carboxylic acid",C12H10N2O3S,262.29,,high,confirmed,7
CX09,L-Naphthylluciferin,L-NpLH2,Heterocycle-exchanged core luciferins,corex,naphthalene,thiazoline (natural),O=C(O)[C@@H]1CSC(c2ccc3cc(O)ccc3c2)=N1,DYBTWQQNDQLASO-LBPRGKRZSA-N,"(4R)-2-(6-hydroxynaphthalen-2-yl)-4,5-dihydro-1,3-thiazole-4-carboxylic acid",C14H11NO3S,273.31,,high,confirmed,1
CX10,L-Quinolylluciferin,L-QLH2,Heterocycle-exchanged core luciferins,corex,quinoline,thiazoline (natural),O=C(O)[C@@H]1CSC(c2ccc3cc(O)ccc3n2)=N1,YLOLPLXXFZFHFD-NSHDSACASA-N,"(4R)-2-(6-hydroxyquinolin-2-yl)-4,5-dihydro-1,3-thiazole-4-carboxylic acid",C13H10N2O3S,274.3,,high,confirmed,1
CX11,N-Methylbenzimidazole luciferin,compound 15 (McCutcheon 2012); methylated benzimidazole luciferin,Heterocycle-exchanged core luciferins,corex,N-methylbenzimidazole,thiazoline (natural),Cn1c(C2=N[C@@H](C(=O)O)CS2)nc2cc(O)ccc21,NJAVAOWOLIFEKY-MRVPVSSYSA-N,(S)-2-(5-Hydroxy-1-methylbenzimidazol-2-yl)-2-thiazoline-4-carboxylic acid,C12H11N3O3S,277.31,,high,corrected,4
CX12,NAL,naphthyl aminoluciferin; 6'-amino naphthylluciferin,Heterocycle-exchanged core luciferins,corex,naphthalene,thiazoline (natural),Nc1ccc2cc(C3=N[C@@H](C(=O)O)CS3)ccc2c1,OEVODZVUHNDRET-GFCCVEGCSA-N,"(S)-2-(6-Aminonaphthalen-2-yl)-4,5-dihydrothiazole-4-carboxylic acid",C14H12N2O2S,272.33,,high,confirmed,2
CX13,NapLuc,"(S)-2-(6-hydroxynaphthalen-2-yl)-4,5-dihydrothiazole-4-carboxylic acid; 3a (Kitada 2018); D-naphthylluciferin; Iwano 2013 analogue 1c; NpLH2; compound 44a in Meroni et al. 2009; naphthyl luciferin",Heterocycle-exchanged core luciferins,corex,naphthalene,thiazoline (natural),O=C(O)[C@H]1CSC(c2ccc3cc(O)ccc3c2)=N1,DYBTWQQNDQLASO-GFCCVEGCSA-N,"(4S)-2-(6-hydroxynaphthalen-2-yl)-4,5-dihydro-1,3-thiazole-4-carboxylic acid",C14H11NO3S,273.31,,high,confirmed,22
CX14,NDMAL,naphthyl dimethylamino luciferin; 6'-dimethylamino naphthylluciferin,Heterocycle-exchanged core luciferins,corex,naphthalene,thiazoline (natural),CN(C)c1ccc2cc(C3=N[C@@H](C(=O)O)CS3)ccc2c1,YZBJGOSNMWOVKY-CQSZACIVSA-N,"(S)-2-(6-(Dimethylamino)naphthalen-2-yl)-4,5-dihydrothiazole-4-carboxylic acid",C16H16N2O2S,300.38,,high,confirmed,2
CX15,NPAL,NAL; NDMAL; naphthyl aminoluciferin; naphthyl dimethylamino luciferin; naphthyl-pyrrolidino-aminoluciferin; naphthylamino luciferin,Heterocycle-exchanged core luciferins,corex,naphthalene,thiazoline (natural),O=C(O)[C@H]1CSC(c2ccc3cc(N4CCCC4)ccc3c2)=N1,BCWMBECYDFSVAO-MRXNPFEDSA-N,"(S)-2-(6-(Pyrrolidin-1-yl)naphthalen-2-yl)-4,5-dihydrothiazole-4-carboxylic acid",C18H18N2O2S,326.42,,high,corrected,5
CX16,Pyridone luciferin 3 (Prescher),"Pyridone luciferin 4 (Prescher); compound 3 (Zhang, Jones, McCutcheon & Prescher, ChemBioChem 2018); compound 4 (Zhang, Jones, McCutcheon & Prescher, ChemBioChem 2018); thiazolopyridinone luciferin",Heterocycle-exchanged core luciferins,corex,pyridone,thiazoline (natural),O=C(O)[C@H]1CSC(c2nc3c[nH]c(=O)cc3s2)=N1,HNOSLPWAJYTMBZ-RXMQYKEDSA-N,"(S)-2-(Thiazolopyridin-6(5H)-one-2-yl)-4,5-dihydrothiazole-4-carboxylic acid",C10H7N3O3S2,281.32,,high,corrected,9
CX17,Pyridone luciferin 4 (Prescher),"compound 4 (Zhang, Jones, McCutcheon & Prescher, ChemBioChem 2018); thiazolo[5,4-b]pyridinone luciferin",Heterocycle-exchanged core luciferins,corex,pyridone,thiazoline (natural),O=C(O)[C@H]1CSC(c2nc3ccc(=O)[nH]c3s2)=N1,DHLXGAFVTSJPKQ-RXMQYKEDSA-N,"(S)-2-(Thiazolopyridin-5(4H)-one-2-yl)-4,5-dihydrothiazole-4-carboxylic acid",C10H7N3O3S2,281.32,,high,confirmed,7
FU01,'V'-shaped benzobisthiazole luciferin 11a (DMA-V-Luc (dimethylamino)),"2-(7-substituted-benzo[1,2-d:4,3-d']bis(thiazol)-2-yl)-4,5-dihydrothiazole-4-carboxylic acid; DMA-V-Luc (dimethylamino); compound 11a (Chang et al., Chem. Eur. J. 2023)","Ring-fused, angularly extended luciferins",fused,benzobisthiazole,thiazoline (natural),CN(C)c1nc2ccc3nc(C4=NC(C(=O)O)CS4)sc3c2s1,JBZYUXJGHARLMI-UHFFFAOYSA-N,,C14H12N4O2S3,364.48,racemate,high,confirmed,13
FU02,'V'-shaped benzobisthiazole luciferin 11b (Pyr-V-Luc (pyrrolidin-1-yl)),"2-(7-substituted-benzo[1,2-d:4,3-d']bis(thiazol)-2-yl)-4,5-dihydrothiazole-4-carboxylic acid; Pyr-V-Luc (pyrrolidin-1-yl); compound 11b (Chang et al., Chem. Eur. J. 2023)","Ring-fused, angularly extended luciferins",fused,benzobisthiazole,thiazoline (natural),O=C(O)C1CSC(c2nc3ccc4nc(N5CCCC5)sc4c3s2)=N1,XBJPSFNZPMCRPQ-UHFFFAOYSA-N,,C16H14N4O2S3,390.52,racemate,high,confirmed,13
FU03,'V'-shaped benzobisthiazole luciferin 11c (Pip-V-Luc (piperidin-1-yl)),"2-(7-substituted-benzo[1,2-d:4,3-d']bis(thiazol)-2-yl)-4,5-dihydrothiazole-4-carboxylic acid; Pip-V-Luc (piperidin-1-yl); compound 11c (Chang et al., Chem. Eur. J. 2023)","Ring-fused, angularly extended luciferins",fused,benzobisthiazole,thiazoline (natural),O=C(O)C1CSC(c2nc3ccc4nc(N5CCCCC5)sc4c3s2)=N1,XJQWICWBKXUFOO-UHFFFAOYSA-N,,C17H16N4O2S3,404.54,racemate,high,confirmed,9
FU04,'V'-shaped benzobisthiazole luciferin 11d (Morph-V-Luc (morpholino)),"2-(7-substituted-benzo[1,2-d:4,3-d']bis(thiazol)-2-yl)-4,5-dihydrothiazole-4-carboxylic acid; Morph-V-Luc (morpholino); compound 11d (Chang et al., Chem. Eur. J. 2023)","Ring-fused, angularly extended luciferins",fused,benzobisthiazole,thiazoline (natural),O=C(O)C1CSC(c2nc3ccc4nc(N5CCOCC5)sc4c3s2)=N1,LVMOIAPVMWTQNH-UHFFFAOYSA-N,,C16H14N4O3S3,406.51,racemate,high,confirmed,9
FU05,NH2-NpLH2,"amino-naphthothiazole luciferin; amino-naphthyl luciferin; amino-naphthyl naphtho[2,1]thiazole luciferin; naphthylamino-luciferin (Hall/Promega)","Ring-fused, angularly extended luciferins",fused,naphthothiazole,thiazoline (natural),Nc1ccc2c(ccc3nc(C4=N[C@@H](C(=O)O)CS4)sc32)c1,HGVLOHHYLUPLGT-LLVKDONJSA-N,"amino-naphthyl naphthothiazole luciferin; (S)-2-(7-aminonaphthothiazol-2-yl)-4,5-dihydrothiazole-4-carboxylic acid (Branchini2022)",C15H11N3O2S2,329.41,,high,confirmed,48
FU06,NH2-QLH2,'the Maki analogue'; AkaLumine-type analogue; Kitada 2020 analogue 5; Maki analogue 5; NH2-QLH2; amino-quinolinyl luciferin; amino-quinolyl luciferin; compound 5 (Branchini 2022); compound 5 (Jathoul 2014); compound 5 (Kitada 2020); compound 6 (Chang 2023) / luciferin 6 (Chang 2023b),"Ring-fused, angularly extended luciferins",fused,thiazoloquinoline,thiazoline (natural),Nc1cnc2c(ccc3nc(C4=N[C@@H](C(=O)O)CS4)sc32)c1,RPZKXKMUAWQZSD-SECBINFHSA-N,"(S)-2-(7-Aminothiazoloquinolin-2-yl)-4,5-dihydrothiazole-4-carboxylic acid",C14H10N4O2S2,330.39,,high,corrected,23
FU07,OH-NpLH2,"6-hydroxynaphthyl luciferin; NpLH2 (classical); OH-NpLH2; OH-NpLH2 (Branchini 2022 naphthalene analogue); hydroxy-naphtho[2,1]thiazole luciferin; hydroxy-naphthothiazole luciferin; hydroxy-naphthyl luciferin","Ring-fused, angularly extended luciferins",fused,naphthothiazole,thiazoline (natural),O=C(O)[C@H]1CSC(c2nc3ccc4cc(O)ccc4c3s2)=N1,XVSRAZMOCNDEAA-LLVKDONJSA-N,"hydroxy-naphthothiazole luciferin; (S)-2-(7-hydroxynaphthothiazol-2-yl)-4,5-dihydrothiazole-4-carboxylic acid (Branchini2022)",C15H10N2O3S2,330.39,,high,corrected,28
FU08,OH-QLH2,OH-QLH2; OH-QLH2 (Branchini 2022 quinoline analogue); compound 10 (Chang 2023); quinoline luciferin,"Ring-fused, angularly extended luciferins",fused,thiazoloquinoline,thiazoline (natural),O=C(O)[C@H]1CSC(c2nc3ccc4cc(O)cnc4c3s2)=N1,PIKZIYQDPBFUIM-SECBINFHSA-N,"(S)-2-(7-Hydroxythiazoloquinolin-2-yl)-4,5-dihydrothiazole-4-carboxylic acid",C14H9N3O3S2,331.38,,high,confirmed,23
PB01,Diene-linked infraluciferin analogue,"2'-2 diene luciferin; 6-hydroxy-2-(4-(1E,3E)-(4-carboxy-4,5-dihydrothiazol-2-yl)buta-1,3-dienyl)benzothiazole; compound 5 (Anderson 2017)",pi-Extended luciferins retaining the benzothiazole,piext_bt,benzothiazole,thiazoline (natural),O=C(O)C1CSC(/C=C/C=C/c2nc3ccc(O)cc3s2)=N1,ODQVKTVUFUQILX-ZPUQHVIOSA-N,6-Hydroxy-2-benzothiazole,C15H12N2O3S2,332.41,racemate,high,confirmed,9
PB02,DmaVLuc,"(S,E)-2-(4-(dimethylamino)styryl)-4,5-dihydrothiazole-4-carboxylic acid; 5a (Kitada 2018); Iwano 2013 analogue 2b; Me2N-StyLuc; compound 23 (Miller 2018 review); compound 2b of Iwano et al. 2013; dimethylaminostyryl luciferin",pi-Extended luciferins retaining the benzothiazole,piext_bt,benzene,thiazoline (natural),CN(C)c1ccc(/C=C/C2=N[C@@H](C(=O)O)CS2)cc1,KXSQZGQGUAOOAF-FZKGZDJFSA-N,"(4S)-2-[(E)-2-ethenyl]-4,5-dihydro-1,3-thiazole-4-carboxylic acid",C14H16N2O2S,276.36,,high,confirmed,9
PB03,Enamine-infraluciferin,"Enamine-iLH2; compound 13 (Chang 2023, OBC); fully conformationally restricted enamine infraluciferin",pi-Extended luciferins retaining the benzothiazole,piext_bt,benzothiazole,thiazoline (natural),N/C(=C\C1=NC(C(=O)O)CS1)c1nc2ccc(O)cc2s1,XMLPKABDZBQAPY-DAXSKMNVSA-N,,C13H11N3O3S2,321.38,racemate,high,confirmed,6
PB04,Infraluciferin,"6-hydroxy-2-(2-(4S-carboxy-4,5-dihydrothiazol-2-yl)ethenyl)benzothiazole; DL-iLH2; DL-iLH2 (racemic form); Infraluciferin (iLH2); compound 4 (Anderson 2017); compound 6 (Jathoul 2014); compound 7 (Chang 2023); compound 9 (Anderson 2019); iLH2; infraluciferin",pi-Extended luciferins retaining the benzothiazole,piext_bt,benzothiazole,thiazoline (natural),O=C(O)[C@H]1CSC(/C=C/c2nc3ccc(O)cc3s2)=N1,NYOZDHLDCWALEQ-CDAZIORVSA-N,"(4S)-2--4,5-dihydro-1,3-thiazole-4-carboxylic acid (Jathoul2022, Figure 1 legend); Anderson2017 names it 6-hydroxy-2-(2-(4S-carboxy-4,5-dihydrothiazol-2-yl)ethenyl)benzothiazole",C13H10N2O3S2,306.37,,high,confirmed,78
PB05,Kitada 2020 analogue 3,5-allyl-6-dimethylamino-2-naphthylethenyl luciferin analogue; NIR analogue 3,pi-Extended luciferins retaining the benzothiazole,piext_bt,naphthalene,thiazoline (natural),C=CCc1c(N(C)C)ccc2cc(/C=C/C3=N[C@@H](C(=O)O)CS3)ccc12,VGLBLFCTGFVTEW-JGZYNSJSSA-N,not given in the paper; described as the 5-allyl-2-naphthylethenyl analogue with a dimethylamino group at C6,C21H22N2O2S,366.49,,high,confirmed,6
PB06,Ph-Luc,compound 12 (as numbered in Chang 2023b); phenyl pi-extended luciferin,pi-Extended luciferins retaining the benzothiazole,piext_bt,benzothiazole,thiazoline (natural),O=C(O)[C@H]1CSC(c2ccc(-c3nc4ccc(O)cc4s3)cc2)=N1,DBTAPTPFKOMGJM-CYBMUJFWSA-N,"(S)-2-(4-(6-Hydroxybenzothiazol-2-yl)phenyl)-4,5-dihydrothiazole-4-carboxylic acid",C17H12N2O3S2,356.43,,high,confirmed,6
PB07,PhOH-Luc,'locked' Ph-Luc; compound 11 (as numbered in Chang 2023b); phenolic pi-extended luciferin,pi-Extended luciferins retaining the benzothiazole,piext_bt,benzothiazole,thiazoline (natural),O=C(O)[C@H]1CSC(c2ccc(-c3nc4ccc(O)cc4s3)c(O)c2)=N1,PLHLOIYEGDLGGE-GFCCVEGCSA-N,"(S)-2-(3-hydroxy-4-(6-hydroxybenzothiazol-2-yl)phenyl)-4,5-dihydrothiazole-4-carboxylic acid",C17H12N2O4S2,372.43,,high,confirmed,12
PB08,"DL-PBIiLH2, pyridobenzimidazole infraluciferin",12 (Anderson 2019); DL-PBIiLH2; PBIiLH2; compound 9 (as numbered in Chang 2023 OBC); rigid benzimidazole infra-luciferin,pi-Extended luciferins retaining the benzothiazole,piext_bt,pyridine,thiazoline (natural),O=C(O)C1CSC(c2ccn3c(c2)nc2ccc(O)cc23)=N1,UEYINKHYLGIKNC-UHFFFAOYSA-N,"2-(8-hydroxybenzoimidazopyridin-3-yl)-4,5-dihydrothiazole-4-carboxylic acid",C15H11N3O3S,313.34,racemate,high,unverified,8
PB09,S5 (bis-methylated PhOH-Luc),S5; 6'-OMe / 3-OMe Ph-Luc; bismethylated luciferin S5,pi-Extended luciferins retaining the benzothiazole,piext_bt,benzothiazole,thiazoline (natural),COc1ccc2nc(-c3ccc(C4=N[C@@H](C(=O)O)CS4)cc3OC)sc2c1,TXVVKLCYTGBDQT-CQSZACIVSA-N,"(S)-2-(3-Methoxy-4-(6-methoxybenzothiazol-2-yl)phenyl)-4,5-dihydrothiazole-4-carboxylic acid",C19H16N2O4S2,400.48,,high,confirmed,3
PB10,S6 (6'-OMe PhOH-Luc),S6,pi-Extended luciferins retaining the benzothiazole,piext_bt,benzothiazole,thiazoline (natural),COc1ccc2nc(-c3ccc(C4=N[C@@H](C(=O)O)CS4)cc3O)sc2c1,YLQDAQFGLBRTGC-CYBMUJFWSA-N,"(S)-2-(3-Hydroxy-4-(6-methoxybenzothiazol-2-yl)phenyl)-4,5-dihydrothiazole-4-carboxylic acid",C18H14N2O4S2,386.45,,high,confirmed,3
PB11,S7 (OMe-blocked phenol PhOH-Luc),S7,pi-Extended luciferins retaining the benzothiazole,piext_bt,benzothiazole,thiazoline (natural),COc1cc(C2=N[C@@H](C(=O)O)CS2)ccc1-c1nc2ccc(O)cc2s1,LPXNBSOOTABAFH-CYBMUJFWSA-N,"(S)-2-(3-Methoxy-4-(6-hydroxybenzothiazol-2-yl)phenyl)-4,5-dihydrothiazole-4-carboxylic acid",C18H14N2O4S2,386.45,,high,confirmed,3
PN01,3'-Allyl-DmaDVLuc,6b (Kitada 2018); allyl-AkaLumine,pi-Extended luciferins in which the benzothiazole is absent,piext_nobt,benzene,thiazoline (natural),C=CCc1cc(/C=C/C=C/C2=N[C@@H](C(=O)O)CS2)ccc1N(C)C,QRQJBEYSDAEDKX-KODRQSLMSA-N,"(4S)-2-[(1E,3E)-4-buta-1,3-dien-1-yl]-4,5-dihydro-1,3-thiazole-4-carboxylic acid",C19H22N2O2S,342.46,,high,confirmed,5
PN02,3'-Allyl-DmaVLuc,5b (Kitada 2018),pi-Extended luciferins in which the benzothiazole is absent,piext_nobt,benzene,thiazoline (natural),C=CCc1cc(/C=C/C2=N[C@@H](C(=O)O)CS2)ccc1N(C)C,YFUZAMIHAASAPZ-RCQQVGEISA-N,"(4S)-2-[(E)-2-ethenyl]-4,5-dihydro-1,3-thiazole-4-carboxylic acid",C17H20N2O2S,316.43,,high,confirmed,4
PN03,5'-Allyl-NapVLuc,4b (Kitada 2018),pi-Extended luciferins in which the benzothiazole is absent,piext_nobt,naphthalene,thiazoline (natural),C=CCc1c(O)ccc2cc(/C=C/C3=N[C@@H](C(=O)O)CS3)ccc12,MSPPKYQRSCTXBR-DXWDOBMASA-N,"(4S)-2--4,5-dihydro-1,3-thiazole-4-carboxylic acid",C19H17NO3S,339.42,,high,confirmed,10
PN04,AkaLumine 1-azepanyl analogue,1d (Kiyama 2018); azepanyl-AkaLumine,pi-Extended luciferins in which the benzothiazole is absent,piext_nobt,benzene,thiazoline (natural),O=C(O)[C@H]1CSC(/C=C/C=C/c2ccc(N3CCCCCC3)cc2)=N1,AACSTIHPUKSDPA-DEQYVCSRSA-N,"(4S)-2-[(1E,3E)-4-buta-1,3-dien-1-yl]-4,5-dihydro-1,3-thiazole-4-carboxylic acid",C20H24N2O2S,356.49,,high,unverified,14
PN05,AkaLumine 1-piperidino analogue,1c (Kiyama 2018); piperidino-AkaLumine,pi-Extended luciferins in which the benzothiazole is absent,piext_nobt,benzene,thiazoline (natural),O=C(O)[C@H]1CSC(/C=C/C=C/c2ccc(N3CCCCC3)cc2)=N1,YJFVVAQVEOVDQA-CBRMLLROSA-N,"(4S)-2-[(1E,3E)-4-buta-1,3-dien-1-yl]-4,5-dihydro-1,3-thiazole-4-carboxylic acid",C19H22N2O2S,342.46,,high,unverified,13
PN06,AkaLumine 1-pyrrolidinyl analogue,1b (Kiyama 2018); pyrrolidinyl-AkaLumine,pi-Extended luciferins in which the benzothiazole is absent,piext_nobt,benzene,thiazoline (natural),O=C(O)[C@H]1CSC(/C=C/C=C/c2ccc(N3CCCC3)cc2)=N1,PNDHIPUDFKLGCG-NEPWSWRYSA-N,"(4S)-2-[(1E,3E)-4-buta-1,3-dien-1-yl]-4,5-dihydro-1,3-thiazole-4-carboxylic acid",C18H20N2O2S,328.44,,high,unverified,15
PN07,AkaLumine 4-morpholino analogue,1e (Kiyama 2018); morpholino-AkaLumine,pi-Extended luciferins in which the benzothiazole is absent,piext_nobt,benzene,thiazoline (natural),O=C(O)[C@H]1CSC(/C=C/C=C/c2ccc(N3CCOCC3)cc2)=N1,VLKQAIKCGQSTSZ-JZTDRMOPSA-N,"(4S)-2--4,5-dihydro-1,3-thiazole-4-carboxylic acid",C18H20N2O3S,344.44,,high,unverified,14
PN08,AkaLumine hydrochloride,1a (Kiyama 2018); 2 (Kitada 2020); 2 free base; 3b (Iwano 2013); 6a / DmaDVLuc (Kitada 2018); Aka; Aka-HCl; AkaLumine; AkaLumine-HCl; Sigma-Aldrich 808350; TokeOni; compound A (Miura 2013),pi-Extended luciferins in which the benzothiazole is absent,piext_nobt,benzene,thiazoline (natural),CN(C)c1ccc(/C=C/C=C/C2=N[C@@H](C(=O)O)CS2)cc1,ULTVSKXCSMDCHR-SBRPLTKKSA-N,"(4S)-2-[(1E,3E)-4-buta-1,3-dien-1-yl]-4,5-dihydro-1,3-thiazole-4-carboxylic acid",C16H18N2O2S,302.4,,high,confirmed,117
PN09,azetidinyl styryl luciferin,"(S,E)-2-(4-(azetidin-1-yl)styryl)-4,5-dihydrothiazole-4-carboxylic acid; compound 3 (Mofford 2017)",pi-Extended luciferins in which the benzothiazole is absent,piext_nobt,benzene,thiazoline (natural),O=C(O)[C@H]1CSC(/C=C/c2ccc(N3CCC3)cc2)=N1,ZNXJLUXUQADEFO-WXJAXGNASA-N,"(4S)-2-[(E)-2-ethenyl]-4,5-dihydro-1,3-thiazole-4-carboxylic acid",C15H16N2O2S,288.37,,high,confirmed,1
PN10,Benzimidazole infraluciferin (BIiLH2),BIiLH2; DL-BIiLH2; compound 13 (Anderson 2019),pi-Extended luciferins in which the benzothiazole is absent,piext_nobt,benzimidazole,thiazoline (natural),O=C(O)C1CSC(/C=C/c2nc3ccc(O)cc3[nH]2)=N1,GJPGGBYVNOCWNM-ONEGZZNKSA-N,"(E)-2-(2-(6-hydroxy-1H-benzimidazol-2-yl)vinyl)-4,5-dihydro-1,3-thiazole-4-carboxylic acid (racemic)",C13H11N3O3S,289.32,racemate,high,confirmed,2
PN11,Biphenyl-type luciferin analogue 1a (Miura 2013),"(S)-2-(4'-(dimethylamino)-[1,1'-biphenyl]-4-yl)-4,5-dihydrothiazole-4-carboxylic acid",pi-Extended luciferins in which the benzothiazole is absent,piext_nobt,benzene,thiazoline (natural),CN(C)c1ccc(-c2ccc(C3=N[C@@H](C(=O)O)CS3)cc2)cc1,PDXGSBATMIYLRS-MRXNPFEDSA-N,"(S)-2-(4'-(Dimethylamino)--4-yl)-4,5-dihydrothiazole-4-carboxylic acid",C18H18N2O2S,326.42,,high,confirmed,5
PN12,Biphenyl-type luciferin analogue 1b (Miura 2013),"(S)-2-(4'-hydroxy-[1,1'-biphenyl]-4-yl)-4,5-dihydrothiazole-4-carboxylic acid",pi-Extended luciferins in which the benzothiazole is absent,piext_nobt,benzene,thiazoline (natural),O=C(O)[C@H]1CSC(c2ccc(-c3ccc(O)cc3)cc2)=N1,OXZAGOWHGZSHHP-CQSZACIVSA-N,"(S)-2-(4'-Hydroxy--4-yl)-4,5-dihydrothiazole-4-carboxylic acid",C16H13NO3S,299.35,,high,confirmed,3
PN13,Biphenyl-type luciferin analogue 1c (Miura 2013),"(S)-2-(4'-amino-[1,1'-biphenyl]-4-yl)-4,5-dihydrothiazole-4-carboxylic acid",pi-Extended luciferins in which the benzothiazole is absent,piext_nobt,benzene,thiazoline (natural),Nc1ccc(-c2ccc(C3=N[C@@H](C(=O)O)CS3)cc2)cc1,CVTUQYVAYRTNGS-CQSZACIVSA-N,"(S)-2-(4'-Amino--4-yl)-4,5-dihydrothiazole-4-carboxylic acid",C16H14N2O2S,298.37,,high,confirmed,3
PN14,Iwano 2013 analogue 2a,"(S,E)-2-(4-hydroxystyryl)-4,5-dihydrothiazole-4-carboxylic acid",pi-Extended luciferins in which the benzothiazole is absent,piext_nobt,benzene,thiazoline (natural),O=C(O)[C@H]1CSC(/C=C/c2ccc(O)cc2)=N1,SOOQWQQYQUJKPO-QLCVYAKKSA-N,"(S,E)-2-(4-Hydroxystyryl)-4,5-dihydrothiazole-4-carboxylic acid",C12H11NO3S,249.29,,high,confirmed,3
PN15,Iwano 2013 analogue 2d,"(S,E)-2-(3-hydroxystyryl)-4,5-dihydrothiazole-4-carboxylic acid; 3-hydroxystyryl luciferin analogue",pi-Extended luciferins in which the benzothiazole is absent,piext_nobt,benzene,thiazoline (natural),O=C(O)[C@H]1CSC(/C=C/c2cccc(O)c2)=N1,MOGSFWSGDFLKEU-ORAHPGNNSA-N,"(S,E)-2-(3-Hydroxystyryl)-4,5-dihydrothiazole-4-carboxylic acid",C12H11NO3S,249.29,,high,confirmed,2
PN16,Iwano 2013 analogue 3a,"(S)-2-((1E,3E)-4-(4-hydroxyphenyl)buta-1,3-dienyl)-4,5-dihydrothiazole-4-carboxylic acid; compound 4 (Kitada 2020)",pi-Extended luciferins in which the benzothiazole is absent,piext_nobt,benzene,thiazoline (natural),O=C(O)[C@H]1CSC(/C=C/C=C/c2ccc(O)cc2)=N1,GQWZIPOZISVYIU-JSHDPPCLSA-N,"(S)-2-((1E,3E)-4-(4-Hydroxyphenyl)buta-1,3-dienyl)-4,5-dihydrothiazole-4-carboxylic acid",C14H13NO3S,275.33,,high,confirmed,9
PN17,Kamiya 2021 analogue 1c (dimethylamino phenylhexatriene luciferin),Kamiya 2021 analogue 1c (dimethylamino phenylhexatriene luciferin); phenyl oligoene-type luciferin analogue; Kamiya 2021 phenylhexatriene analogue,pi-Extended luciferins in which the benzothiazole is absent,piext_nobt,benzene,thiazoline (natural),CN(C)c1ccc(/C=C/C=C/C=C/C2=N[C@@H](C(=O)O)CS2)cc1,CAEVGLVUGSRPES-ODEFYUAYSA-N,"not given in the paper; structure read from Figure 2B (a 4-dimethylaminophenyl group joined to the (4S)-4,5-dihydrothiazole-4-carboxylic acid through an all-E hexa-1,3,5-triene bridge)",C18H20N2O2S,328.44,,high,confirmed,5
PN18,Kamiya 2021 analogue 1d (hydroxy phenylhexatriene luciferin),Kamiya 2021 analogue 1d (hydroxy phenylhexatriene luciferin); phenyl oligoene-type luciferin analogue; Kamiya 2021 phenylhexatriene analogue,pi-Extended luciferins in which the benzothiazole is absent,piext_nobt,benzene,thiazoline (natural),O=C(O)[C@H]1CSC(/C=C/C=C/C=C/c2ccc(O)cc2)=N1,IEIHZSNLGNPUNT-XNDWYXLHSA-N,"not given in the paper; structure read from Figure 2B (a 4-hydroxyphenyl group joined to the (4S)-4,5-dihydrothiazole-4-carboxylic acid through an all-E hexa-1,3,5-triene bridge)",C16H15NO3S,301.37,,high,confirmed,6
PN19,NapVLuc,"(S,E)-2-(2-(6-hydroxynaphthalen-2-yl)vinyl)-4,5-dihydrothiazole-4-carboxylic acid; 4a (Kitada 2018); Iwano 2013 analogue 2c",pi-Extended luciferins in which the benzothiazole is absent,piext_nobt,naphthalene,thiazoline (natural),O=C(O)[C@H]1CSC(/C=C/c2ccc3cc(O)ccc3c2)=N1,GHFIBEBCBJGODW-HSVJCBRXSA-N,"(4S)-2--4,5-dihydro-1,3-thiazole-4-carboxylic acid",C16H13NO3S,299.35,,high,confirmed,12
PN20,NIRLuc1,NIRLuc1; compound 11a (Ikeda 2020); ring-fused AkaLumine analogue,pi-Extended luciferins in which the benzothiazole is absent,piext_nobt,benzene,thiazoline (natural),CN1CCc2cc(/C=C/C=C/C3=N[C@@H](C(=O)O)CS3)ccc21,DYJSVBMSVTWSCS-MNXWIYACSA-N,"(4S)-2--4,5-dihydro-1,3-thiazole-4-carboxylic acid",C17H18N2O2S,314.41,,high,confirmed,5
PN21,NIRLuc2,NIRLuc2; compound 11b (Ikeda 2020); ring-fused AkaLumine analogue,pi-Extended luciferins in which the benzothiazole is absent,piext_nobt,benzene,thiazoline (natural),CN1CCCc2cc(/C=C/C=C/C3=N[C@@H](C(=O)O)CS3)ccc21,ZLPUSVUJVONCBH-SJEAQNOVSA-N,"(4S)-2--4,5-dihydro-1,3-thiazole-4-carboxylic acid",C18H20N2O2S,328.44,,high,confirmed,9
PN22,NIRLuc3,NIRLuc3; compound 11c (Ikeda 2020); ring-fused AkaLumine analogue,pi-Extended luciferins in which the benzothiazole is absent,piext_nobt,benzene,thiazoline (natural),CN1CCC(C)(C)c2cc(/C=C/C=C/C3=N[C@@H](C(=O)O)CS3)ccc21,IVIMQKHZLZULSF-SQVJQECCSA-N,"(4S)-2--4,5-dihydro-1,3-thiazole-4-carboxylic acid",C20H24N2O2S,356.49,,high,confirmed,5
PN23,NIRLuc4,NIRLuc4; compound 11d (Ikeda 2020); ring-fused AkaLumine analogue,pi-Extended luciferins in which the benzothiazole is absent,piext_nobt,benzene,thiazoline (natural),CN1CCOc2cc(/C=C/C=C/C3=N[C@@H](C(=O)O)CS3)ccc21,GBHBQJLBMWYURR-LSVCTKACSA-N,"(4S)-2--4,5-dihydro-1,3-thiazole-4-carboxylic acid",C17H18N2O3S,330.41,,high,confirmed,5
PN24,NIRLuc5,NIRLuc5; compound 11e (Ikeda 2020); ring-fused AkaLumine analogue,pi-Extended luciferins in which the benzothiazole is absent,piext_nobt,benzene,thiazoline (natural),O=C(O)[C@H]1CSC(/C=C/C=C/c2cc3c4c(c2)CCCN4CCC3)=N1,NIAOBBZHIDXUPI-ZHKNKUJSSA-N,"(4S)-2-[(1E,3E)-4-(2,3,6,7-tetrahydro-1H,5H-pyridoquinolin-9-yl)buta-1,3-dien-1-yl]-4,5-dihydro-1,3-thiazole-4-carboxylic acid",C20H22N2O2S,354.48,,high,confirmed,5
PN25,NIRLuc6,NIRLuc6; compound 11f (Ikeda 2020); ring-fused AkaLumine analogue,pi-Extended luciferins in which the benzothiazole is absent,piext_nobt,benzene,thiazoline (natural),CC1=CC(C)(C)N(C)c2ccc(/C=C/C=C/C3=N[C@@H](C(=O)O)CS3)cc21,UMYBDJXBEHOYBC-QGIGQLMMSA-N,"(4S)-2--4,5-dihydro-1,3-thiazole-4-carboxylic acid",C21H24N2O2S,368.5,,high,confirmed,5
PN26,PyrrStyLuc,compound 26 (Miller 2018 review); compound 5 (Mofford 2017); pyrrolidinyl styryl luciferin,pi-Extended luciferins in which the benzothiazole is absent,piext_nobt,benzene,thiazoline (natural),O=C(O)[C@H]1CSC(/C=C/c2ccc(N3CCCC3)cc2)=N1,APZYKENQSCOMQL-LHRNQBEKSA-N,"(4S)-2-[(E)-2-ethenyl]-4,5-dihydro-1,3-thiazole-4-carboxylic acid",C16H18N2O2S,302.4,,high,confirmed,2
PN27,Saito 2019 analogue 1b (3-pyridyl AkaLumine analogue),1b (Saito 2019); 3-pyridyl N-heterocyclic AkaLumine analogue; 6-(dimethylamino)pyridin-3-yl AkaLumine analogue,pi-Extended luciferins in which the benzothiazole is absent,piext_nobt,pyridine,thiazoline (natural),CN(C)c1ccc(/C=C/C=C/C2=N[C@@H](C(=O)O)CS2)cn1,ADZKNFGRJHTEAD-JVWOUTOHSA-N,"(S)-2-((1E,3E)-4-(6-(Dimethylamino)pyridin-3-yl)buta-1,3-dien-1-yl)-4,5-dihydrothiazole-4-carboxylic Acid",C15H17N3O2S,303.39,,high,confirmed,7
PN28,Saito 2019 analogue 1d (pyrazinyl AkaLumine analogue),1d (Saito 2019); pyrazine AkaLumine analogue; 5-(dimethylamino)pyrazin-2-yl AkaLumine analogue,pi-Extended luciferins in which the benzothiazole is absent,piext_nobt,,thiazoline (natural),CN(C)c1cnc(/C=C/C=C/C2=N[C@@H](C(=O)O)CS2)cn1,FBULQRKLBAMWTK-RHHOKCBPSA-N,"(S)-2-((1E,3E)-4-(5-(dimethylamino)pyrazin-2-yl)buta-1,3-dien-1-yl)-4,5-dihydrothiazole-4-carboxylic acid",C14H16N4O2S,304.38,,high,confirmed,7
PN29,seMpai,N-heterocyclic AkaLumine derivative; Sigma 902268,pi-Extended luciferins in which the benzothiazole is absent,piext_nobt,pyridine,thiazoline (natural),CN(C)c1ccc(/C=C/C=C/C2=N[C@@H](C(=O)O)CS2)nc1,WGXDAPPPMLTSSC-ORQLPXSXSA-N,"(S)-2-((1E,3E)-4-(5-(Dimethylamino)pyridin-2-yl)buta-1,3-dien-1-yl)-4,5-dihydrothiazole-4-carboxylic acid",C15H17N3O2S,303.39,,high,corrected,24
CO01,CouLuc-1-NMe2,CouLuc-1 series (NH2 variant); CouLuc-1 series (NMe2 variant); CouLuc-1 series (OH variant); CouLuc-1-NH2; CouLuc-1-OH; coumarin luciferin,"Coumarin-based luciferins, the CouLuc series",coumarin,coumarin,thiazoline (natural),CN(C)c1ccc2c(c1)O/C(=C\C1=N[C@@H](C(=O)O)CS1)C=C2C(F)(F)F,KPKSZESZJIQYLZ-PGJNLMOESA-N,"(Z)-2-((7-(Dimethylamino)-4-(trifluoromethyl)-2H-chromen-2-ylidene)methyl)-4,5-dihydrothiazole-4-carboxylic acid",C17H15F3N2O3S,384.38,,high,confirmed,17
CO02,CouLuc-3-NH2,pi-extended coumarin luciferin (NH2); CouLuc-3 series,"Coumarin-based luciferins, the CouLuc series",coumarin,coumarin,thiazoline (natural),Nc1ccc2c(c1)O/C(=C\C=C\C1=N[C@@H](C(=O)O)CS1)C=C2C(F)(F)F,IITSFKQIGSVZLB-HQHRYDOASA-N,"(4S)-2-[(1E,3Z)-3-prop-1-en-1-yl]-4,5-dihydro-1,3-thiazole-4-carboxylic acid",C17H13F3N2O3S,382.36,,high,confirmed,19
CO03,CouLuc-3-NMe2,pi-extended coumarin luciferin (NMe2); CouLuc-3 series,"Coumarin-based luciferins, the CouLuc series",coumarin,coumarin,thiazoline (natural),CN(C)c1ccc2c(c1)O/C(=C\C=C\C1=N[C@@H](C(=O)O)CS1)C=C2C(F)(F)F,ICRRDWYEPCKGCC-MFLXEFCOSA-N,"(4S)-2-[(1E,3Z)-3-prop-1-en-1-yl]-4,5-dihydro-1,3-thiazole-4-carboxylic acid",C19H17F3N2O3S,410.42,,high,confirmed,20
CO04,CouLuc-3-OH,CouLuc-3 series; CouLuc-3-NH2; CouLuc-3-NMe2; pi-extended coumarin luciferin,"Coumarin-based luciferins, the CouLuc series",coumarin,coumarin,thiazoline (natural),O=C(O)[C@H]1CSC(/C=C/C=C2/C=C(C(F)(F)F)c3ccc(O)cc3O2)=N1,KDASQKOQZHONRY-HQHRYDOASA-N,"(4S)-2-[(1E,3Z)-3-prop-1-en-1-yl]-4,5-dihydro-1,3-thiazole-4-carboxylic acid",C17H12F3NO4S,383.35,,high,confirmed,28
MI01,2-(4'-Pyridyl)-thiazoline-4-carboxylic acid,XV (White 1965); pyridine analog of luciferin; pyridyl luciferin analogue,Minimal aryl-thiazoline luciferin analogues,minimal,pyridine,thiazoline (natural),O=C(O)C1CSC(c2ccncc2)=N1,RXOSZQRLNYGARB-UHFFFAOYSA-N,"2-(pyridin-4-yl)-4,5-dihydro-1,3-thiazole-4-carboxylic acid",C9H8N2O2S,208.24,racemate,high,confirmed,2
MI02,Iwano 2013 analogue 1a,"(S)-2-(4-hydroxyphenyl)-4,5-dihydrothiazole-4-carboxylic acid",Minimal aryl-thiazoline luciferin analogues,minimal,benzene,thiazoline (natural),O=C(O)[C@H]1CSC(c2ccc(O)cc2)=N1,PTRSPGLUBRKDQT-MRVPVSSYSA-N,"(S)-2-(4-Hydroxyphenyl)-4,5-dihydrothiazole-4-carboxylic acid",C10H9NO3S,223.25,,high,confirmed,3
MI03,Iwano 2013 analogue 1b,"(S)-2-(4-(dimethylamino)phenyl)-4,5-dihydrothiazole-4-carboxylic acid",Minimal aryl-thiazoline luciferin analogues,minimal,benzene,thiazoline (natural),CN(C)c1ccc(C2=N[C@@H](C(=O)O)CS2)cc1,KYMSNXXWGNOUCJ-SNVBAGLBSA-N,"(S)-2-(4-(Dimethylamino)phenyl)-4,5-dihydrothiazole-4-carboxylic acid",C12H14N2O2S,250.32,,high,confirmed,3
AP01,2b-AMP (adenylate of DmaVLuc / Iwano 2013 analogue 2b),D-2b-AMP; adenylated 2b; DmaVLuc adenylate; Me2N-StyLuc-AMP,Mechanistic probes and non-substrate analogues,appendix,benzene,thiazoline (natural),CN(C)c1ccc(/C=C/C2=N[C@@H](C(=O)OP(=O)(O)OC[C@H]3O[C@@H](n4cnc5c(N)ncnc54)[C@H](O)[C@@H]3O)CS2)cc1,DYZMHFCCSNDKLK-KICLDUAVSA-N,"5'-O-[(4S,E)-2--4,5-dihydro-1,3-thiazole-4-carbonyl] adenosine 5'-phosphate (the mixed carboxylic-phosphoric anhydride of Iwano 2013 analogue 2b with adenosine 5'-monophosphate)",C24H28N7O8PS,605.57,D_enantiomer,high,confirmed,3
AP02,5'-O-[(N-dehydroinfraluciferyl)-sulfamoyl]adenosine,dehydroinfraluciferyl-adenylate mimic; iDLSA,Mechanistic probes and non-substrate analogues,appendix,benzothiazole,aromatic thiazole,Nc1ncnc2c1ncn2[C@@H]1O[C@H](COS(=O)(=O)NC(=O)c2csc(/C=C/c3nc4ccc(O)cc4s3)n2)[C@@H](O)[C@H]1O,JXXQGJFRVFVJAK-AWGXURSZSA-N,,C23H20N8O8S3,632.66,,high,corrected,2
AP03,AMP-carboluciferin,carboluciferyl-AMP; carboluciferin adenylate; adenylated carboluciferin; AMP-6 (Ioka 2016),Mechanistic probes and non-substrate analogues,appendix,benzothiazole,aromatic thiazole,Nc1ncnc2c1ncn2[C@@H]1O[C@H](COP(=O)(O)OC(=O)[C@H]2CCC(c3nc4ccc(O)cc4s3)=N2)[C@@H](O)[C@H]1O,GTAHZLHXBDGPKB-GTFSFZJOSA-N,5'-O-adenosine (carboluciferyl adenylate),C22H22N7O9PS,591.5,D_enantiomer,high,confirmed,4
AP04,D-Luciferyl adenylate,AMP-firefly luciferin; D-LH2-AMP; D-Luciferyl-AMP; LH2-AMP; luciferyl-adenylate,Mechanistic probes and non-substrate analogues,appendix,benzothiazole,thiazoline (natural),Nc1ncnc2c1ncn2[C@@H]1O[C@H](COP(=O)(O)OC(=O)[C@H]2CSC(c3nc4ccc(O)cc4s3)=N2)[C@@H](O)[C@H]1O,DVLIEEOCYVGZDS-RIWZETFMSA-N,5'-O-adenosine (D-luciferyl adenylate),C21H20N7O9PS2,609.54,D_enantiomer,high,confirmed,8
AP05,Dehydroluciferyl adenylate,L-AMP; dehydroluciferyl-AMP; VI-adenylate (Morton 1969),Mechanistic probes and non-substrate analogues,appendix,benzothiazole,,,,,,,,,unverified,5
CX18,Quinolylaminoluciferin,QAL; Quinolylaminoluciferin: D-(-)-2-(6'-amino-2'-quinolyl)-Delta-2-thiazoline-4-carboxylic acid,Heterocycle-exchanged core luciferins,corex,quinoline,thiazoline (natural),Nc1ccc2nc(C3=N[C@@H](C(=O)O)CS3)ccc2c1,GCJUQZULQJRMPC-LLVKDONJSA-N,D-(-)-2-(6'-amino-2'-quinolyl)-Delta-2-thiazoline-4-carboxylic acid,C13H11N3O2S,273.32,D_enantiomer,,,5
CX19,Quinolylmethylaminoluciferin,QMAL; Quinolylmethylaminoluciferin: D-(-)-2-(6'-methylamino-2'-quinolyl)-Delta-2-thiazoline-4-carboxylic acid,Heterocycle-exchanged core luciferins,corex,quinoline,thiazoline (natural),CNc1ccc2nc(C3=N[C@@H](C(=O)O)CS3)ccc2c1,WUEJASLOUOBDTH-GFCCVEGCSA-N,D-(-)-2-(6'-methylamino-2'-quinolyl)-Delta-2-thiazoline-4-carboxylic acid,C14H13N3O2S,287.34,D_enantiomer,,,3
CX20,Quinolyldimethylaminoluciferin,QDMAL; Quinolyldimethylaminoluciferin: D-(-)-2-(6'-dimethylamino-2'-quinolyl)-Delta-2-thiazoline-4-carboxylic acid,Heterocycle-exchanged core luciferins,corex,quinoline,thiazoline (natural),CN(C)c1ccc2nc(C3=N[C@@H](C(=O)O)CS3)ccc2c1,BXWBFCOVZBDLIZ-CYBMUJFWSA-N,D-(-)-2-(6'-dimethylamino-2'-quinolyl)-Delta-2-thiazoline-4-carboxylic acid,C15H15N3O2S,301.37,D_enantiomer,,,3
CX21,Naphthylmethylaminoluciferin,NMAL; Naphthylmethylaminoluciferin: D-(-)-2-(6'-methylamino-2'-naphthyl)-Delta-2-thiazoline-4-carboxylic acid,Heterocycle-exchanged core luciferins,corex,naphthalene,thiazoline (natural),CNc1ccc2cc(C3=N[C@@H](C(=O)O)CS3)ccc2c1,PDFYDNPZRJNNNG-CYBMUJFWSA-N,D-(-)-2-(6'-methylamino-2'-naphthyl)-Delta-2-thiazoline-4-carboxylic acid,C15H14N2O2S,286.36,D_enantiomer,,,3
CX22,Coumarylaminoluciferin,CAL; Coumarylaminoluciferin: D-(-)-2-(7'-amino-3'-coumaryl)-Delta-2-thiazoline-4-carboxylic acid,Heterocycle-exchanged core luciferins,corex,coumarin,thiazoline (natural),Nc1ccc2cc(C3=N[C@@H](C(=O)O)CS3)c(=O)oc2c1,CMYWOVABKRGTCV-SECBINFHSA-N,D-(-)-2-(7'-amino-3'-coumaryl)-Delta-2-thiazoline-4-carboxylic acid,C13H10N2O4S,290.3,D_enantiomer,,,5
CX23,Coumarylmethylaminoluciferin,CMAL; Coumarylmethylaminoluciferin: D-(-)-2-(7'-methylamino-3'-coumaryl)-Delta-2-thiazoline-4-carboxylic acid,Heterocycle-exchanged core luciferins,corex,coumarin,thiazoline (natural),CNc1ccc2cc(C3=N[C@@H](C(=O)O)CS3)c(=O)oc2c1,OWTMQYHGBOWCBW-SNVBAGLBSA-N,D-(-)-2-(7'-methylamino-3'-coumaryl)-Delta-2-thiazoline-4-carboxylic acid,C14H12N2O4S,304.33,D_enantiomer,,,3
CX24,Coumaryldimethylaminoluciferin,CDMAL; Coumaryldimethylaminoluciferin: D-(-)-2-(7'-dimethylamino-3'-coumaryl)-Delta-2-thiazoline-4-carboxylic acid,Heterocycle-exchanged core luciferins,corex,coumarin,thiazoline (natural),CN(C)c1ccc2cc(C3=N[C@@H](C(=O)O)CS3)c(=O)oc2c1,NVCCMHIZJXVERX-LLVKDONJSA-N,D-(-)-2-(7'-dimethylamino-3'-coumaryl)-Delta-2-thiazoline-4-carboxylic acid,C15H14N2O4S,318.35,D_enantiomer,,,3
AM26,6'-Ethylaminoluciferin,"3c (R1 = Et, R2 = H); 6'-Ethylaminoluciferin: D-(-)-2-(6'-ethylamino-2'-benzothiazolyl)-Delta-2-thiazoline-4-carboxylic acid","6'-Aminoluciferins, acyclic N-alkyl and pendant amine",amino,benzothiazole,thiazoline (natural),CCNc1ccc2nc(C3=N[C@@H](C(=O)O)CS3)sc2c1,XXTIWMCDLOTLJP-SECBINFHSA-N,D-(-)-2-(6'-ethylamino-2'-benzothiazolyl)-Delta-2-thiazoline-4-carboxylic acid,C13H13N3O2S2,307.4,D_enantiomer,,,3
AM27,6'-Diethylaminoluciferin,"3d (R1 = Et, R2 = Et); 6'-Diethylaminoluciferin: D-(-)-2-(6'-diethylamino-2'-benzothiazolyl)-Delta-2-thiazoline-4-carboxylic acid","6'-Aminoluciferins, acyclic N-alkyl and pendant amine",amino,benzothiazole,thiazoline (natural),CCN(CC)c1ccc2nc(C3=N[C@@H](C(=O)O)CS3)sc2c1,NYTNGXNFUABNNQ-LLVKDONJSA-N,D-(-)-2-(6'-diethylamino-2'-benzothiazolyl)-Delta-2-thiazoline-4-carboxylic acid,C15H17N3O2S2,335.45,D_enantiomer,,,3
AM28,6'-Benzylaminoluciferin,"3e (R1 = benzyl, R2 = H); 6'-Benzylaminoluciferin: D-(-)-2-(6'-benzylamino-2'-benzothiazolyl)-Delta-2-thiazoline-4-carboxylic acid","6'-Aminoluciferins, acyclic N-alkyl and pendant amine",amino,benzothiazole,thiazoline (natural),O=C(O)[C@H]1CSC(c2nc3ccc(NCc4ccccc4)cc3s2)=N1,MPDSAELCXIYJPH-CQSZACIVSA-N,D-(-)-2-(6'-benzylamino-2'-benzothiazolyl)-Delta-2-thiazoline-4-carboxylic acid,C18H15N3O2S2,369.47,D_enantiomer,,,3
AM29,6'-Phenethylaminoluciferin,"3f (R1 = phenylethyl, R2 = H); 6'-Phenethylaminoluciferin: D-(-)-2-(6'-phenethylamino-2'-benzothiazolyl)-Delta-2-thiazoline-4-carboxylic acid","6'-Aminoluciferins, acyclic N-alkyl and pendant amine",amino,benzothiazole,thiazoline (natural),O=C(O)[C@H]1CSC(c2nc3ccc(NCCc4ccccc4)cc3s2)=N1,PCCPTAINLFWKAM-OAHLLOKOSA-N,D-(-)-2-(6'-phenethylamino-2'-benzothiazolyl)-Delta-2-thiazoline-4-carboxylic acid,C19H17N3O2S2,383.5,D_enantiomer,,,3
AM30,6'-(3-Phenylpropylamino)luciferin,"3g (R1 = phenylpropyl, R2 = H); 6'-(3-Phenylpropylamino)luciferin: D-(-)-2-[6'-(3-phenylpropylamino)-2'-benzothiazolyl]-Delta-2-thiazoline-4-carboxylic acid","6'-Aminoluciferins, acyclic N-alkyl and pendant amine",amino,benzothiazole,thiazoline (natural),O=C(O)[C@H]1CSC(c2nc3ccc(NCCCc4ccccc4)cc3s2)=N1,AAFXIELCGXOSLF-MRXNPFEDSA-N,D-(-)-2--Delta-2-thiazoline-4-carboxylic acid,C20H19N3O2S2,397.53,D_enantiomer,,,3
AM31,6'-(4-Phenylbutylamino)luciferin,"3h (R1 = phenylbutyl, R2 = H); 6'-(4-Phenylbutylamino)luciferin: D-(-)-2-[6'-(4-phenylbutylamino)-2'-benzothiazolyl]-Delta-2-thiazoline-4-carboxylic acid","6'-Aminoluciferins, acyclic N-alkyl and pendant amine",amino,benzothiazole,thiazoline (natural),O=C(O)[C@H]1CSC(c2nc3ccc(NCCCCc4ccccc4)cc3s2)=N1,XQSGPRPULSQGIW-QGZVFWFLSA-N,D-(-)-2--Delta-2-thiazoline-4-carboxylic acid,C21H21N3O2S2,411.55,D_enantiomer,,,3
